,X_pca_kmeans
AAACAAGTATCTCCCA-1,1
AAACAATCTACTAGCA-1,3
AAACACCAATAACTGC-1,2
AAACAGAGCGACTCCT-1,1
AAACAGCTTTCAGAAG-1,4
AAACAGGGTCTATATT-1,4
AAACAGTGTTCCTGGG-1,5
AAACATTTCCCGGATT-1,1
AAACCCGAACGAAATC-1,1
AAACCGGGTAGGTACC-1,3
AAACCGTTCGTCCAGG-1,2
AAACCTAAGCAGCCGG-1,6
AAACCTCATGAAGTTG-1,4
AAACGAAGAACATACC-1,1
AAACGAGACGGTTGAT-1,6
AAACGGGCGTACGGGT-1,6
AAACGGTTGCGAACTG-1,4
AAACTCGGTTCGCAAT-1,6
AAACTCGTGATATAAG-1,1
AAACTGCTGGCTCCAA-1,6
AAACTTAATTGCACGC-1,2
AAACTTGCAAACGTAT-1,4
AAAGACATGAAGTTTA-1,1
AAAGACCCAAGTCGCG-1,1
AAAGACTGGGCGCTTT-1,6
AAAGGCCCTATAATAC-1,2
AAAGGCTACGGACCAT-1,4
AAAGGCTCTCGCGCCG-1,4
AAAGGGATGTAGCAAG-1,6
AAAGGGCAGCTTGAAT-1,0
AAAGGTAAGCTGTACC-1,3
AAAGTAGCATTGCTCA-1,2
AAAGTCACTGATGTAA-1,0
AAAGTCGACCCTCAGT-1,0
AAAGTGTGATTTATCT-1,6
AAAGTTGACTCCCGTA-1,6
AAATAACCATACGGGA-1,6
AAATAAGGTAGTGCCC-1,1
AAATACCTATAAGCAT-1,6
AAATAGCTTAGACTTT-1,1
AAATAGGGTGCTATTG-1,6
AAATCCGATACACGCC-1,6
AAATCGTGTACCACAA-1,4
AAATCTAGCCCTGCTA-1,1
AAATGATTCGATCAGC-1,1
AAATGCTCGTTACGTT-1,0
AAATGGCATGTCTTGT-1,0
AAATGGCCCGTGCCCT-1,5
AAATGGTCAATGTGCC-1,4
AAATGTGGGTGCTCCT-1,3
AAATTAACGGGTAGCT-1,4
AAATTACACGACTCTG-1,0
AAATTACCTATCGATG-1,6
AAATTGATAGTCCTTT-1,2
AAATTGCGGCGGTTCT-1,3
AAATTTACCGAAATCC-1,1
AAATTTGCGGGTGTGG-1,5
AACAACTGGTAGTTGC-1,4
AACAATACATTGTCGA-1,2
AACAATTACTCTACGC-1,0
AACACACGCTCGCCGC-1,6
AACACGACTGTACTGA-1,0
AACACGAGACGCGGCC-1,4
AACACGCGGCCGCGAA-1,3
AACAGCTGTGTGGCAA-1,2
AACAGGAAATCGAATA-1,0
AACAGGATGGGCCGCG-1,6
AACAGGTAGTATGGAT-1,1
AACATATCAACTGGTG-1,6
AACATCGATACGTCTA-1,0
AACATTGAAGTTGATC-1,2
AACATTGGTCAGCCGT-1,3
AACATTGTGACTCGAG-1,4
AACCAAGACTTCTCTG-1,4
AACCAGTATCACTCTT-1,1
AACCATAGGGTTGAAC-1,2
AACCATGGGATCGCTA-1,0
AACCCAGAGACGGAGA-1,1
AACCCATCCCATGATC-1,2
AACCCGACAACCCGTG-1,5
AACCCGAGCAGAATCG-1,1
AACCCTACTGTCAATA-1,6
AACCCTGGTGGAACCA-1,1
AACCGAGCTTGGTCAT-1,0
AACCGCTAAGGGATGC-1,6
AACCGTTGTGTTTGCT-1,6
AACCTAAAGCCGTCCG-1,1
AACCTCGCTTTAGCCC-1,6
AACCTTTAAATACGGT-1,4
AACCTTTACGACGTCT-1,0
AACGAAAGTCGTCCCA-1,2
AACGATAATGCCGTAG-1,6
AACGATAGAAGGGCCG-1,0
AACGATATGTCAACTG-1,6
AACGCATGATCTGGGT-1,1
AACGCGACCTTGGGCG-1,4
AACGCGGTCTCCAGCC-1,0
AACGCTGTTGCTGAAA-1,6
AACGGACGTACGTATA-1,6
AACGGCCATCTCCGGT-1,2
AACGTACTGTGGGTAC-1,2
AACGTAGTCTACCCAT-1,3
AACGTCAGACTAGTGG-1,6
AACGTGATGAAGGACA-1,1
AACGTGCGAAAGTCTC-1,4
AACTACCCGTTTGTCA-1,1
AACTAGCGTATCGCAC-1,3
AACTAGGCTTGGGTGT-1,4
AACTCAAGTTAATTGC-1,3
AACTCCAGAGCGTGTT-1,6
AACTCCTAATCCCATG-1,6
AACTCGATAAACACGT-1,3
AACTCGATGGCGCAGT-1,3
AACTCTCAATAGAGCG-1,6
AACTCTCAGTGTGCTC-1,2
AACTGATATTAGGCCT-1,0
AACTGGGTCCCGACGT-1,6
AACTGGGTTCGAGCCG-1,1
AACTGGTGTGGGCCTT-1,1
AACTTCTGCGTCTATC-1,0
AACTTGCCCGTATGCA-1,6
AACTTGCGTTCTCGCG-1,0
AACTTTAGCTGCTGAG-1,3
AAGAAGGATCAGTTAG-1,0
AAGACATACGTGGTTT-1,6
AAGACCAAATAACTCA-1,2
AAGACCCAACTGAACA-1,4
AAGACTAACCCGTTGT-1,3
AAGACTCACGCCCACT-1,1
AAGACTGCAAGCTACT-1,4
AAGAGATGAATCGGTA-1,4
AAGAGCTCTTTATCGG-1,6
AAGAGGATGTACGCGA-1,4
AAGAGGCATGGATCGC-1,6
AAGAGGCCCTTTGGAA-1,1
AAGATGGCACCGGACC-1,2
AAGATTGGCGGAACGT-1,6
AAGCACCCTGCGTATC-1,6
AAGCATACTCTCCTGA-1,6
AAGCCGAAGCGGTTTA-1,1
AAGCCGCCGTGAAATC-1,2
AAGCGCAGGGCTTTGA-1,4
AAGCGGCGTCATGGGT-1,1
AAGCGTCCCTCATCGA-1,2
AAGCTAGATCGAGTAA-1,6
AAGCTCGTGCCAAGTC-1,6
AAGCTCTTTCATGGTG-1,6
AAGGAGAACTTATAAG-1,3
AAGGAGCGGTTGGTGC-1,0
AAGGATCGATCGCTTG-1,1
AAGGATGAGGGACCTC-1,6
AAGGCAGGCTGTCTCC-1,1
AAGGCGCGTAAAGCTT-1,0
AAGGCTGTGCTCATCG-1,4
AAGGGAACGACTGGCT-1,2
AAGGGACAGATTCTGT-1,6
AAGGGACTATGCATTC-1,2
AAGGTATCCTAATATA-1,6
AAGGTGATAAACCAGC-1,6
AAGTAAGCTTCCAAAC-1,1
AAGTAGAAGACCGGGT-1,6
AAGTAGTGACGCGAGG-1,4
AAGTCAATTGTCGTCA-1,6
AAGTGACGACCGAATT-1,4
AAGTGAGTCGGGTTTA-1,5
AAGTGCAAAGGTAGAC-1,0
AAGTGCCTTGACTGTA-1,1
AAGTGCGTTAGAATCT-1,2
AAGTGCTTCTCTATTG-1,5
AAGTGTTTGGAGACGG-1,6
AAGTTCACTCCAAGCT-1,6
AAGTTCAGTCTGCGTA-1,1
AAGTTCGGCCAACAGG-1,2
AAGTTGTGATGTTATA-1,4
AAGTTTACTAATGGCA-1,1
AAGTTTATGGGCCCAA-1,6
AATAACAACGCTCGGC-1,4
AATAACACTAGAACAA-1,2
AATAAGTCCTCGAGAC-1,1
AATACAATGTTTCAGG-1,0
AATACCGGAGGGCTGT-1,2
AATACCTGATGTGAAC-1,0
AATAGAACAGAGTGGC-1,2
AATAGAATCTGTTTCA-1,6
AATAGCTACCGCGTGC-1,1
AATAGTCCGTCCCGAC-1,3
AATATCAAGGTCGGAT-1,3
AATATCGAATCAATGC-1,1
AATATCGAGGGTTCTC-1,0
AATATTGGAGTATTGA-1,4
AATCAGACTGCAGGAC-1,3
AATCATGTAAAGACTC-1,6
AATCCAAGGGCCTGAG-1,1
AATCCATGCAAGGGTG-1,3
AATCGCCTCAGCGCCA-1,6
AATCGCGCAGAGGACT-1,1
AATCGGGACACTACGA-1,0
AATCGGTATAGCCCTC-1,4
AATCGTGAGCCGAGCA-1,0
AATCTAGGTTTACTTG-1,5
AATCTATGCCGGAGCC-1,1
AATCTCTACTGTGGTT-1,0
AATCTGCGTTGGGACG-1,6
AATCTGGCTTTCTAGT-1,5
AATCTGGGTAGACCCT-1,1
AATGACAGCAATGTCT-1,5
AATGACGTAGGATGTC-1,0
AATGACTGTCAGCCGG-1,6
AATGAGTTCGCATATG-1,0
AATGATGATACGCTAT-1,6
AATGATGCGACTCCTG-1,6
AATGCAACCGGGTACC-1,4
AATGCACCAAGCAATG-1,6
AATGGTCCACCGTTCA-1,0
AATGGTTCTCACAAGC-1,6
AATGTATGGCACTGTA-1,2
AATGTGCCCGAGGTGT-1,2
AATGTGCTAATCTGAG-1,2
AATTAAAGGTCGGCGT-1,4
AATTAACGGATTTCCA-1,6
AATTACGAGACCCATC-1,2
AATTACTCGTACGCTC-1,3
AATTAGCGCTGCAGCG-1,4
AATTCATAAGGGATCT-1,6
AATTCATTGTCATGCA-1,2
AATTCCAAGCATGTAC-1,4
AATTCGATTCGAGGAT-1,6
AATTCTAGAGTTAGGC-1,4
AATTGAACGCTCTGGT-1,6
AATTGCAGCAATCGAC-1,1
AATTGCGTGGATTACA-1,2
AATTTGGGACATAGTA-1,0
AATTTGGTTCCAAAGA-1,6
ACAAACCATGCGTCCT-1,2
ACAAACCGACAAGGCG-1,1
ACAAAGCATGACCTAG-1,1
ACAAATCGCACCGAAT-1,6
ACAAATGGTAGTGTTT-1,6
ACAAATTCAGATCTGA-1,1
ACAACAGCATGAGCTA-1,4
ACAACGGTCCCTGCGA-1,0
ACAAGCAGTGCCTAGC-1,6
ACAAGGAAATCCGCCC-1,6
ACAAGGACAAGAGGTT-1,4
ACAAGGATGCTTTAGG-1,6
ACAAGGGCAGGCTCTG-1,6
ACAATAGTCGTACGTT-1,4
ACAATCCATTTAAACC-1,4
ACAATCGATCTTTATA-1,0
ACAATGAATACGGAGA-1,2
ACAATTGTGTCTCTTT-1,0
ACAATTTGAGCAGTGG-1,6
ACACAAAGACGGGTGG-1,4
ACACACCAGGACCAGT-1,6
ACACACTTTCTACACG-1,6
ACACATGATCAAATCT-1,2
ACACATTGACGCAACA-1,3
ACACCCAGCATGCAGC-1,6
ACACCCGAGAAATCCG-1,6
ACACCGGTCTGACCGC-1,2
ACACCTTAAGTAGGGC-1,6
ACACCTTACTACTTGC-1,1
ACACGAGACTCCTTCT-1,4
ACACGGCACTATGCAT-1,1
ACACGGGAACTTAGGG-1,6
ACACGTAGGCCACAAG-1,1
ACACTCCAATGTCACT-1,1
ACACTGATCAAGGTGT-1,2
ACACTGGGACAGTCGT-1,4
ACAGAACTGAGAACAA-1,2
ACAGATTAGGTTAGTG-1,0
ACAGCATAGAGCCAGT-1,0
ACAGCGACATTCTCAT-1,1
ACAGCGCACCCGCAGC-1,0
ACAGGCTTGCCCGACT-1,6
ACAGGTGGAGGTGAGG-1,2
ACAGTAATACAACTTG-1,4
ACATAAGTCGTGGTGA-1,2
ACATAATAAGGCGGTG-1,0
ACATCAGCTGGGACGC-1,0
ACATCCCGGCCATACG-1,5
ACATCCTGGTAACTGT-1,6
ACATCGATCGTTTACC-1,3
ACATCGGTCAGCCGCG-1,3
ACATCGTATGCAATGG-1,6
ACATCGTTAACCTAGT-1,0
ACATCTCAACGCGTAA-1,1
ACATGGCGCCAAAGTA-1,6
ACATGGCTCAATTTAG-1,3
ACATTAGTTTATATCC-1,4
ACCAAACTAGAAATCC-1,1
ACCAACACCACACACT-1,1
ACCAACCGCACTCCAC-1,0
ACCAACGCTTATTTAT-1,2
ACCAAGAACGCGTGTC-1,6
ACCAATATGCAAGTTA-1,6
ACCACAACTCAGAACA-1,0
ACCACAAGTTTCTATC-1,4
ACCACCAATGTAACAA-1,1
ACCACGTGCAGCTATA-1,0
ACCACTGTTCAAGAAG-1,3
ACCAGCCCGGTCTTTG-1,1
ACCAGGAGTGTGATCT-1,3
ACCAGTGCCCGGTCAA-1,1
ACCAGTGCGGGAGACG-1,0
ACCATATCCGCAATAA-1,4
ACCATCCGCCAACTAG-1,4
ACCATCGTATATGGTA-1,5
ACCCAACGCCCGTGGC-1,6
ACCCACCTACATGCTC-1,0
ACCCATCTTGAGGGTA-1,4
ACCCATTTGTCCCTCT-1,1
ACCCGAGCGAAATTAC-1,2
ACCCGGAAACTCCCAG-1,4
ACCCGGATGACGCATC-1,6
ACCCGGTTACACTTCC-1,5
ACCCGTGTCATCAGTA-1,5
ACCCTATAGGACTGAG-1,3
ACCCTATGCCATATCG-1,2
ACCCTCCCTTGCTATT-1,6
ACCCTTCATCTGCGAA-1,0
ACCCTTTAGTTCTCCA-1,0
ACCGAAAGGGCCCTGC-1,1
ACCGAAGAGTCTGGTT-1,2
ACCGACACATCTCCCA-1,6
ACCGACTGAGTCCCAC-1,4
ACCGATGGTAGCATCG-1,6
ACCGCAATAACTGCCT-1,6
ACCGCGGTGGAAGTCG-1,6
ACCGGGCCTTTGTTGA-1,6
ACCGGTCAGGTACACC-1,2
ACCGGTCTGAGTACGG-1,3
ACCGTCCACTGGGCCC-1,2
ACCGTGACCACGTGGG-1,2
ACCGTTCCCGCTCTGA-1,1
ACCTAAGTACCTTTCA-1,2
ACCTAATCGACTTCCT-1,6
ACCTACAGTATGTGGT-1,1
ACCTACTATAAATCTA-1,5
ACCTCCGCCCTCGCTG-1,1
ACCTCCGTTATTCACC-1,1
ACCTCGAACTTATGCT-1,2
ACCTGCGTGTCATGTT-1,4
ACCTTTCCTTTAGAAG-1,1
ACGAAATGGGCGGCAC-1,6
ACGACTGGTCATACTC-1,2
ACGAGAACCCATCACG-1,3
ACGAGATATTTGCTTA-1,0
ACGAGGATACCACTCT-1,2
ACGAGGTTTACAACGT-1,2
ACGAGTACGGATGCCC-1,1
ACGATACATAGAACTA-1,6
ACGATCATACATAGAG-1,4
ACGATCATCTTGTAAA-1,6
ACGATGCATATGTTAT-1,3
ACGATGGATCCGATGC-1,6
ACGCAAACTAATAGAT-1,5
ACGCAATCACTACAGC-1,1
ACGCATACGTTTACTA-1,1
ACGCATTCGTGAGTAC-1,4
ACGCCAGATGATTTCT-1,6
ACGCCCAGCTGTCGAT-1,1
ACGCCGCTAGACGACC-1,4
ACGCGAAGTCAGACGA-1,5
ACGCGCTACACAGGGT-1,4
ACGCGGGCCAAGGACA-1,4
ACGCTAGTGATACACT-1,6
ACGCTGTGAGGCGTAG-1,0
ACGCTTAGTGTCTCTC-1,1
ACGGAATTTAGCAAAT-1,3
ACGGACTCTCAAAGCG-1,6
ACGGAGCGCAAATTAC-1,1
ACGGATGGTGCGGATA-1,6
ACGGCACTTGCTTGGG-1,3
ACGGCCAACATGGACT-1,5
ACGGCGACGATGGGAA-1,6
ACGGCGGGTTGCCCTG-1,3
ACGGCTGGATGTAGAA-1,2
ACGGGAGTGTCGGCCC-1,5
ACGGGTCATGTGACTT-1,3
ACGTACAGATTTCTCT-1,0
ACGTAGATTGCTGATG-1,4
ACGTATTACTCCGATC-1,6
ACGTCCTAAACGAGAT-1,3
ACGTGCGCCTCGTGCA-1,0
ACGTGGTCGAATGTGC-1,1
ACGTTAATGTCGAAGA-1,4
ACGTTAGATTTGCCCG-1,4
ACGTTCCGCGCTCCGT-1,1
ACGTTCGCAATCAATT-1,1
ACGTTCGTTCAGGAAA-1,5
ACGTTCTGTACAAGTC-1,1
ACGTTTAGTTGTGATC-1,0
ACTAATACGTCAGGCG-1,1
ACTACATCCCGACAAG-1,2
ACTACCAGCTCTCTGG-1,4
ACTACGCGTTAGAATT-1,3
ACTAGTTGCGATCGTC-1,1
ACTATATGCTGTGTTC-1,1
ACTATCCAGGGCATGG-1,1
ACTATCTGCCCGCGTA-1,1
ACTATGTCCAGCTGCC-1,2
ACTATTCGTCCGTGGT-1,0
ACTATTTCCGGGCCCA-1,2
ACTCAACGAATGTATT-1,3
ACTCAAGTGCAAGGCT-1,6
ACTCAATAAAGGCACG-1,6
ACTCAGACCTGCTTCT-1,1
ACTCATGGCAGCCTTC-1,2
ACTCCAATATCATCAT-1,2
ACTCCCATTCCTAAAG-1,4
ACTCCCGAATTCGTTT-1,0
ACTCCCTAATGCTAAA-1,6
ACTCCCTAGAATAGTA-1,6
ACTCGCCGTTCGATAA-1,4
ACTCGTAACCCGTCCT-1,2
ACTCGTCAGTAATCCC-1,6
ACTCTCTGACTTAGGT-1,6
ACTCTCTTATACACGA-1,1
ACTCTTGTATAGTAAC-1,4
ACTGAAACGCCGTTAG-1,6
ACTGAATGGCGAAAGT-1,6
ACTGATTTAGTGATTC-1,1
ACTGCCCGCCATTCTC-1,2
ACTGCCGTCGTAACTC-1,0
ACTGCTCGGAAGGATG-1,5
ACTGTACGATACACAT-1,6
ACTGTAGCACTTTGGA-1,4
ACTGTATACGCGAGCA-1,3
ACTGTCCAGGATTATA-1,4
ACTGTCTTCTTTAGAA-1,4
ACTGTGCTAGTAGATC-1,1
ACTGTTTAGTGTAGGC-1,3
ACTTACCGGGCGCGCA-1,1
ACTTACGCATCCACGC-1,6
ACTTAGTACGACAAGA-1,1
ACTTATACTTACCCGG-1,6
ACTTATCTGATCTATA-1,3
ACTTATTAGGATCGGT-1,4
ACTTATTTATGTGCCA-1,6
ACTTCAGGCTGATCCC-1,6
ACTTCCATGCGGGACA-1,6
ACTTCGCCATACGCAC-1,6
ACTTGACTCCCTCTTT-1,4
ACTTGCCATATTGTAC-1,1
ACTTGGGACCCGGTGG-1,4
ACTTGTAGTCCCTTCA-1,4
ACTTGTGGATGGAACG-1,1
ACTTTACCCTCATGAA-1,1
ACTTTCCTATAGCTTC-1,4
ACTTTGACTGCATCCT-1,4
ACTTTGGTCGTGCTCC-1,2
AGAAATTATGACTCGC-1,1
AGAACCCTCAATTGGG-1,2
AGAACGTGGTACATTC-1,6
AGAAGAGCGCCGTTCC-1,3
AGAAGGTACACTTCAC-1,5
AGAAGGTTGCCGAATT-1,5
AGAAGGTTGTAGGTCG-1,6
AGAAGTGATTCGTGAT-1,5
AGAATAAATCTTCAGG-1,0
AGAATGCGGGTTCGGA-1,3
AGAATTATGGATTCGA-1,6
AGAATTGTTTGACATA-1,1
AGACATAGATCCTTCC-1,1
AGACCAAACCACACCT-1,5
AGACCATGGGATACAA-1,0
AGACCCACCGCTGATC-1,4
AGACCCGCCCTCCTCG-1,4
AGACCGCTCCGCGGTT-1,1
AGACCGGGAAACCCTG-1,4
AGACGAAGTGCCGGTC-1,6
AGACGACGATGCCGCT-1,2
AGACGGGATTGGTATA-1,1
AGACGGGCCGATTTAA-1,1
AGACTAGCCTTCCAGA-1,6
AGACTGTTACCGGGTC-1,5
AGAGAAACACCAGAAA-1,2
AGAGAACCGTCTAGGA-1,6
AGAGAAGGAGTACAAT-1,2
AGAGATCTCTAAAGCG-1,4
AGAGCAGTTATGAGAC-1,6
AGAGCCGCCGAGATTT-1,1
AGAGCGGGCTAATCAT-1,0
AGAGCGTACAAGCTCG-1,0
AGAGGCTTCGGAAACC-1,1
AGAGGTATCTCGGTCC-1,3
AGAGTAAACTTCACTA-1,1
AGAGTTAGAGACCGAT-1,1
AGATAACTTCAGGGCC-1,4
AGATACCGGTGTTCAC-1,3
AGATACGACTTCATAT-1,0
AGATACTCAAGATCGA-1,6
AGATATAATACGACTA-1,6
AGATCGTGCATAAGAT-1,0
AGATCTCAGGTGTGAT-1,0
AGATGACTCGCCCACG-1,0
AGATGAGGGTTGCGAT-1,0
AGATGATGGAGTCTGG-1,6
AGATGCAAGACGTGCA-1,2
AGATGCTATAACGAGC-1,3
AGATTATAGGACGTTT-1,4
AGATTCACAACCGATA-1,5
AGCAAAGGCCGCTAGT-1,6
AGCAACATATCTTATT-1,6
AGCAACCGAAAGTAAT-1,2
AGCACACGTTTAGACT-1,2
AGCACCAGTACTCACG-1,4
AGCACTACCGGCCTGT-1,6
AGCACTACCTCACCAG-1,6
AGCACTTAAGGACGCC-1,4
AGCAGAAGGAGAAAGA-1,4
AGCAGCCAGATGAATA-1,3
AGCATATCAATATGCT-1,6
AGCATCATTTCGAAAG-1,2
AGCATCGTCGATAATT-1,6
AGCATTACGAGGCAAG-1,4
AGCCAAGCTTTGTGTC-1,4
AGCCACAGGTTACCCG-1,6
AGCCACTCCCGTGCTT-1,6
AGCCCATACATGTAAG-1,4
AGCCCGGCATTAGAGG-1,2
AGCCCGGTAGCCTGTA-1,5
AGCCCTAAGCGAAGTT-1,0
AGCCCTCCCTGGTGGC-1,2
AGCCCTTCTAATCCGA-1,1
AGCCGTGGCTAAATGT-1,2
AGCCTAATACCCACGT-1,5
AGCCTTAAAGCGGAAG-1,1
AGCGACAGGAACGGTC-1,2
AGCGACATCCCATTCA-1,0
AGCGACCAACGATATT-1,4
AGCGAGACGTGAAGGC-1,2
AGCGATGCGCCTAATA-1,1
AGCGCATAATGAATCG-1,4
AGCGCGGGTGCCAATG-1,0
AGCGCTTATGGGCAAG-1,1
AGCGGACACTTCGTAG-1,4
AGCGGCGGTTAGCGGT-1,5
AGCGGGAAGGGTCCAT-1,1
AGCGGGTCTGACACTC-1,6
AGCGGTTGAGATGTAC-1,1
AGCGTAGCGCTAGACC-1,3
AGCGTCTGAACCCGCA-1,3
AGCGTGGTATTCTACT-1,4
AGCGTTCCGATTTAAA-1,1
AGCTAACAAGCAATGT-1,2
AGCTAAGTACGCAGGC-1,6
AGCTAGAAGCAGAAGT-1,0
AGCTATTTAATCCAAC-1,6
AGCTCCATATATGTTC-1,1
AGCTCCTTCGCACATC-1,6
AGCTCTAGACGTTCCA-1,6
AGCTCTTCCCAGTGCA-1,0
AGCTCTTCGTAACCTT-1,1
AGCTCTTTACTCAGTT-1,5
AGCTGAAGTAAACCAA-1,0
AGCTGTAACCTCAATC-1,2
AGCTTATAGAGACCTG-1,3
AGCTTCAATACTTTGA-1,1
AGCTTGATCTTAACTT-1,4
AGGAAAGCCTCTGATG-1,3
AGGAAGCTGTCCGCCG-1,6
AGGACAGTCGAATCCC-1,6
AGGACATCGCACGTCG-1,1
AGGACGACCCATTAGA-1,5
AGGACGCTCGATGTTG-1,0
AGGAGGCCTTCGCGCG-1,6
AGGATAAAGTCGGGAT-1,4
AGGATATAGGGATTTA-1,6
AGGATCACGCGATCTG-1,5
AGGCAAAGAGGAATCA-1,3
AGGCACGTGACTGTCC-1,3
AGGCAGATGCGTAAAC-1,6
AGGCAGGGAGCGTACT-1,5
AGGCATTGTCGTAGGG-1,0
AGGCCACCCGTTATGA-1,4
AGGCCCATTGTACAGG-1,6
AGGCCCTAGAACGCCA-1,5
AGGCCTGAGAATCTCG-1,6
AGGCGGTTTGTCCCGC-1,2
AGGCGTCTATGGACGG-1,3
AGGCTATGGTTAGCTT-1,0
AGGCTTCCCGAAGAAG-1,2
AGGCTTGCTAGACACC-1,0
AGGGAAACGAGGTACT-1,1
AGGGACAGCACGGCGG-1,3
AGGGACCGGCTGCGTT-1,1
AGGGACTCTACGCGAC-1,5
AGGGAGACATACTTCG-1,1
AGGGCAGCGGCGTGGT-1,0
AGGGCGAGCAGCTGAT-1,4
AGGGCGTGATCGGCTA-1,6
AGGGCTGCAGTTACAG-1,4
AGGGTCAGAGCACTCG-1,2
AGGGTCGATGCGAACT-1,6
AGGGTGCCGTTCTTTA-1,2
AGGGTGCTCTCGAGGG-1,6
AGGGTGGATAGTGCAT-1,0
AGGGTTCCCTTTGGTT-1,6
AGGGTTTAGTTCGGGA-1,4
AGGTAACCTCCTATTC-1,0
AGGTACGATATTGCCA-1,0
AGGTAGATCGAGATAT-1,2
AGGTAGGTACAAAGCT-1,4
AGGTATAATTGATAGT-1,1
AGGTCAGGTGAGAGTG-1,4
AGGTCGCCACTTCGGT-1,3
AGGTCGCGGAGTTACT-1,1
AGGTGGTGACCTTCGC-1,4
AGGTGTATCGCCATGA-1,6
AGGTTACACCATGCCG-1,1
AGGTTCTCCTTTCCGG-1,2
AGGTTGAGGCACGCTT-1,6
AGGTTTCACACACCTT-1,4
AGTAACGTTCATCCTG-1,1
AGTAACTATAGCAGCC-1,3
AGTAATGTCTTGCCGC-1,0
AGTAATTTGCAAGCGT-1,2
AGTACATCATTTATCA-1,1
AGTACCTTCGAGTGCT-1,3
AGTACGGCCCGTATCG-1,6
AGTACGGGCACCTGGC-1,6
AGTACGTGGCCTGTCT-1,0
AGTACTCTTATGCCCA-1,6
AGTAGAAGGCGCCTCA-1,5
AGTAGCGTGAACGAAC-1,1
AGTAGCTAGACGCCGA-1,3
AGTAGGAAGGAAGTTG-1,6
AGTAGGTAACATACAT-1,1
AGTATAATACTAGGCA-1,6
AGTATACACAGCGACA-1,5
AGTATCCATAATAACG-1,3
AGTATGCTGGAGACCA-1,2
AGTATTTGGCACGACC-1,5
AGTCAAATGATGTGAT-1,2
AGTCAACACCACCATC-1,5
AGTCAAGATGACACTT-1,6
AGTCACTAGCTCTCGA-1,6
AGTCACTCCGCCTCAT-1,3
AGTCAGCCACCGCCTG-1,0
AGTCCAGCGGGTACGT-1,3
AGTCCATTGGCTGATG-1,6
AGTCCCGCCTTTAATT-1,0
AGTCGACGGTCTCAAG-1,6
AGTCGGCCCAAACGAC-1,6
AGTCGGCTCAACTTTA-1,5
AGTCGGTTGCGTGAGA-1,1
AGTCGTATAAAGCAGA-1,6
AGTCGTCGACCACCAA-1,6
AGTCGTGGGCATTACG-1,2
AGTCTAAAGTATACTC-1,1
AGTCTCACAAGACTAC-1,2
AGTCTGGACATCCTTG-1,0
AGTCTTCTCCTCAAAT-1,0
AGTCTTTAAAGTGTCC-1,6
AGTGAACAAACTTCTC-1,6
AGTGACCTACTTTACG-1,5
AGTGACTGTGACACAA-1,5
AGTGAGACTTCCAGTA-1,6
AGTGAGCCTCGCCGCC-1,0
AGTGAGGGTTTCTGAC-1,1
AGTGATAACCTGCGCG-1,6
AGTGATATGAGTAGTT-1,5
AGTGATTCAAGCAGGA-1,6
AGTGCACGCTTAAGAA-1,6
AGTGCGTAGCTCGTAA-1,5
AGTGCTAAACACAGCA-1,6
AGTGCTTGCACGAATA-1,6
AGTGGCGGCAATTTGA-1,6
AGTGGCGTCTGAAGGT-1,6
AGTGGCTCCGTCGGCC-1,4
AGTGGTGTTACCCGTG-1,4
AGTGTATTGCGCATTG-1,6
AGTGTGCTAAGATCGC-1,3
AGTGTGGTCTATTGTG-1,0
AGTTAAACACTTGCGA-1,4
AGTTAAGCGGTCCCGG-1,0
AGTTAAGTCAACCGCT-1,2
AGTTACCGCACATGGT-1,0
AGTTACTCTATCGTGG-1,0
AGTTATTGAAAGGTAA-1,1
AGTTCCTACAGAATTA-1,4
AGTTCCTATTTATGTT-1,4
AGTTCTGCGTTGTATC-1,3
AGTTGACATCGGCTGG-1,3
AGTTGACGGTCCTTGC-1,4
AGTTGCTGACTGATAT-1,0
AGTTTCGCAGGTCGGA-1,0
AGTTTGCACCTGCCTC-1,6
AGTTTGGCACGGGTTG-1,1
AGTTTGGCCAGACCTA-1,5
ATAAACCATTGGACGG-1,3
ATAAACGGACCCGTAA-1,4
ATAAACGTTGCACCAC-1,1
ATAAAGGCTCGGTCGT-1,3
ATAAAGGTCAAGTACG-1,1
ATAAATATTAGCAGCT-1,4
ATAACGCCGGAGGGTC-1,6
ATAACGGAGTCCAACG-1,6
ATAAGGTGGAGAACAT-1,6
ATAAGTAGGATTCAGA-1,1
ATAAGTAGGGCGACTC-1,1
ATAAGTTACCGCGACG-1,5
ATAATACCGTTAGCCG-1,3
ATAATAGCTGTTGAAT-1,4
ATAATAGTGTAGGGAC-1,0
ATAATCTTGGAGAACC-1,6
ATAATTAGCTAAGTAG-1,6
ATACAGGCCCTCCAAT-1,6
ATACCACGGGCAACTT-1,4
ATACCAGCAAATTGCT-1,1
ATACCAGGCTAATAGA-1,1
ATACCAGGTGAGCGAT-1,3
ATACCTAACCAAGAAA-1,4
ATACGCCGATCTACCG-1,3
ATACGCCGGCGAAACC-1,6
ATACGGAACGTCGTTT-1,2
ATACGGGTTTCGATTG-1,0
ATACGGTGAAGATGCA-1,6
ATACGTACTTAGCCAC-1,6
ATACGTCCACTCCTGT-1,6
ATACGTTATGCACGGA-1,6
ATACTACCCGTACCAC-1,1
ATACTAGCATGACCCT-1,0
ATACTCTCGCCACTCT-1,3
ATACTGCCTTACACCG-1,6
ATACTTGTTCTCGAGC-1,0
ATAGACAACGGGACCT-1,6
ATAGACGAAGAGAAAG-1,4
ATAGAGTACTGGGACA-1,6
ATAGAGTTATCAACTT-1,6
ATAGATTTGCAGTCGG-1,0
ATAGCAACTAGGGAAG-1,1
ATAGCCTCAGTACCCA-1,3
ATAGCTGCTCTTGTTA-1,3
ATAGGAATCTAAGCTT-1,3
ATAGGCGGCTATAGAA-1,5
ATAGGCTAGCTTCGCA-1,0
ATAGGGATATCCTTGA-1,6
ATAGGTTGGGCAGATG-1,4
ATAGTCTTTGACGTGC-1,0
ATAGTGAAGCGTTCTC-1,5
ATAGTTCCACCCACTC-1,6
ATATAAAGCGCTCGTG-1,6
ATATAAATGTAGCTGC-1,6
ATATAACACGGGCGCA-1,6
ATATACGCTCGTGACG-1,1
ATATAGAGTATTGGTC-1,2
ATATCAACCTACAGAG-1,1
ATATCAATTCCAGCCT-1,5
ATATCGGTAGGGAGAT-1,1
ATATCGTGCCAGACCC-1,1
ATATCGTTCCTCGAAC-1,6
ATATCTCCCTCGTTAA-1,6
ATATCTTAGGGCCTTC-1,4
ATATGTCTCCCTAGCC-1,6
ATATTCAGTTAAACCT-1,5
ATATTCCACATAGTGA-1,6
ATATTCCCACAGGTCA-1,0
ATATTGCTGTCAAAGT-1,0
ATATTTAACCCTCAAG-1,4
ATCAAACACTGTTCCA-1,1
ATCAAACGAAGGTTTG-1,2
ATCAATCTGGGCTGCA-1,4
ATCAATGCCGTGGCTG-1,2
ATCACATTAGAATATC-1,6
ATCACGTGCTAATTAA-1,5
ATCACTTCATCCTCGC-1,0
ATCAGACGGCACGCCG-1,2
ATCAGCCTCATGCTGC-1,6
ATCAGCTCGTCCACTA-1,5
ATCAGGTCGCCATTGC-1,0
ATCAGTAGGCAGGGAT-1,6
ATCATAGCCCTATGTA-1,1
ATCATCCAATATTTGT-1,4
ATCATCTGCCCAGTGT-1,1
ATCCAACGCAGTCATA-1,0
ATCCAATGGAGGGTCC-1,4
ATCCACATCGACAGAA-1,6
ATCCACGCTAAATGTT-1,1
ATCCAGAGCAACAACC-1,5
ATCCAGGATTCGTGAA-1,5
ATCCCATCCACAGCGC-1,2
ATCCTACCTAAGCTCT-1,5
ATCCTGAATCGCTGCG-1,4
ATCCTGCGTGGAATGG-1,5
ATCCTGCTGCAGATAG-1,3
ATCGACCCAATACAGA-1,4
ATCGACTCTTTCCGTT-1,0
ATCGCACGATTGTTCA-1,3
ATCGCACGCCGGGAGA-1,6
ATCGCCAGTCAACATT-1,1
ATCGCTGCGTGCAGCA-1,1
ATCGGAGACAGACGGC-1,6
ATCGGCAAGCAGTCCA-1,0
ATCGTGGAAAGTCTGG-1,2
ATCGTTAGCTAGCGGA-1,1
ATCGTTCACTTTCGCC-1,1
ATCTAATATCCTACGG-1,4
ATCTAGCTTGTGAGGG-1,6
ATCTCCCACGGAATAT-1,1
ATCTCCCTGCAATCTA-1,0
ATCTCGTGAGCGAAAC-1,1
ATCTGACATGGAAGGA-1,2
ATCTGATAGTGTCTTA-1,3
ATCTGCACCTCTGCGA-1,0
ATCTGCTGTTATCGCC-1,4
ATCTGGGCTGTTCTTG-1,6
ATCTGGTTAAGACTGT-1,0
ATCTGTAATTGTACCC-1,6
ATCTTAGGGCATTAAT-1,2
ATCTTATCGCACACCC-1,1
ATCTTGACCTGCAACG-1,4
ATCTTGACTTGTCCAA-1,1
ATGAAGCCAAGGAGCC-1,6
ATGACGCCGGCTCTAA-1,6
ATGACGCGTTCTATCC-1,2
ATGACTATCAGCTGTG-1,5
ATGACTATGCGACATT-1,6
ATGAGGAGTGTTAATC-1,6
ATGATCGGGAATAGAC-1,0
ATGATGCAATGGTACA-1,5
ATGCACGCGCTGTTCA-1,2
ATGCACTACCGCATTG-1,4
ATGCATGATCCAGGAT-1,0
ATGCATTCCGTGATGG-1,3
ATGCCAATCGCTCTGC-1,1
ATGCCATTTGCGACCA-1,6
ATGCCGGTCTTGCATA-1,6
ATGCCGGTTGATGGGA-1,0
ATGCGACAATTGGTCC-1,3
ATGCGACAGTCCCATT-1,4
ATGCGAGTCCCACCAC-1,1
ATGCTCAGTGTTGCAT-1,6
ATGCTCTGGCGCGGTA-1,6
ATGCTTAGGAGTTGAT-1,1
ATGGAAATTTAAGGAG-1,5
ATGGAGCAGGCCGTGA-1,4
ATGGATCCGGCGTCCG-1,6
ATGGATTGACCAAACG-1,4
ATGGCAGCATTACGAT-1,2
ATGGCTGGAAATGGCC-1,1
ATGGGAACGGAAGCGG-1,1
ATGGGACCTGCTGAAC-1,2
ATGGGCCTCGGCCTCT-1,6
ATGGGTGTATACCTCC-1,2
ATGGTATTTACTGATT-1,2
ATGGTCGCGTGGTTTC-1,6
ATGGTGCTCAAAGCCA-1,3
ATGTAAGGCTGCTCTT-1,1
ATGTACATGCGGTGAG-1,4
ATGTACGATGACGTCG-1,6
ATGTAGCGCGCGTAGG-1,0
ATGTGAAAGCCTAATG-1,5
ATGTGCATCCGACGCA-1,6
ATGTGGACATCTTGAT-1,4
ATGTGTAGTTTAGTCA-1,1
ATGTTACGAGCAATAC-1,1
ATGTTCGTCGACCCAC-1,6
ATGTTGTAGTCTGTTT-1,5
ATTAAACATGCGGACC-1,3
ATTAATACTACGCGGG-1,6
ATTAATGAACCAGTCG-1,6
ATTAATTCGGTCACTC-1,0
ATTACAACTACCGGCC-1,0
ATTACATGTCAGTCTT-1,1
ATTACCACACTGCCTG-1,1
ATTACGCGCTGGCAGG-1,4
ATTACTAGCCTCTTGC-1,0
ATTACTTACTGGGCAT-1,6
ATTAGATTCCTCAGCA-1,1
ATTAGATTGATAGCGG-1,6
ATTAGGCGATGCTTTC-1,4
ATTATACTTTGCTCGT-1,0
ATTATAGCTACTTTAC-1,1
ATTATCTCGACAGATC-1,0
ATTATGAGACCCAATT-1,2
ATTATGCCATAGGGAG-1,6
ATTATTATGTCCGTCA-1,2
ATTCAAAGTACCTGTT-1,3
ATTCAACCATTTAAGG-1,1
ATTCACTGATGTTGGA-1,4
ATTCAGGACCTATTTC-1,0
ATTCAGGATCGCCTCT-1,1
ATTCAGTAGCAGGGTC-1,0
ATTCATATACTGTCCA-1,4
ATTCATCGTTGAGGCA-1,6
ATTCCCACATAAACAA-1,0
ATTCCTAAGACGTGGA-1,1
ATTCCTCCGCCAGTGC-1,6
ATTCCTTCCAGGCGGT-1,3
ATTCGACGCCGGGCCT-1,4
ATTCGTGCTATCTCTT-1,1
ATTCTCGTCTCTTTAG-1,1
ATTCTGAGTATGAACT-1,1
ATTCTTCGTACTTATG-1,1
ATTGAAGATCTTAGTG-1,4
ATTGACGTAACTCGGT-1,0
ATTGATAGCAACGAGA-1,3
ATTGATCACCACATTT-1,5
ATTGATGAGTCCTAAC-1,6
ATTGCCTATTAGACCG-1,2
ATTGCCTTTATGTTTG-1,6
ATTGCGATCAGTAACT-1,0
ATTGCTGCTCCTCCAT-1,4
ATTGGATTACAGCGTA-1,1
ATTGGGAATATCTTGG-1,6
ATTGGTTGTGCATTAC-1,0
ATTGTACAACTCGGCT-1,6
ATTGTCGCAATACCTT-1,0
ATTGTGACTTCGCTGC-1,3
ATTTAACTCGTATTAC-1,0
ATTTACAGTTTACTGG-1,4
ATTTACTAAGTCCATT-1,1
ATTTCATTATTTCGCG-1,6
ATTTCCGGGTTCTGCG-1,2
ATTTGCCTAGTTACGA-1,3
ATTTGCGCGAGTAGCT-1,2
ATTTGTCTTGGGAGCT-1,6
ATTTGTTCCAGGGCTC-1,6
CAAACGAGTATCGCAG-1,5
CAAACGGTCGCACTTT-1,6
CAAACGTGGTCTTGCG-1,1
CAAACTACGATAGAGA-1,6
CAAACTATTGAGCTTC-1,6
CAAACTCGCGACGCCG-1,1
CAAAGATTATTGGGCC-1,2
CAAATCTCTCACAAGG-1,4
CAAATGCGGAGTGTTC-1,3
CAAATGTCCTTCCGTG-1,5
CAAATTGTCAGCAAGC-1,6
CAACAGAATAACGCTA-1,1
CAACAGTGCCAAACGG-1,3
CAACATGGCCTGATAA-1,3
CAACCTACCGAGCAGT-1,1
CAACGACCCGTTTACA-1,6
CAACGGTTCTTGATAC-1,0
CAACGTGGTGGAGTCT-1,1
CAACTATATCGAATGC-1,6
CAACTCCAACGTTTAG-1,1
CAACTCCGTAACTTGC-1,5
CAACTCCTTGATCCCG-1,0
CAACTGCTCATCCGAT-1,4
CAACTTGTAGTGGGCA-1,1
CAAGAGGGCGGAGTAC-1,6
CAAGATATTATAACGT-1,6
CAAGCAACGTCGGAGT-1,4
CAAGCACCAAATGCCT-1,6
CAAGCGGCACATAATT-1,6
CAAGGATCGCATGTTC-1,4
CAAGGTCCTATAGGCT-1,1
CAAGTGAACTTTGGTT-1,1
CAAGTGTGGTTGCAAA-1,0
CAATAAACCTTGGCCC-1,0
CAATACGCTCTGAGGC-1,4
CAATATGTAGATTTAC-1,3
CAATATTCTTGACCTA-1,2
CAATCCATTATCCGTT-1,3
CAATCCCTATACCAGC-1,0
CAATCCTGCCGTGGAG-1,0
CAATGCGAGAAGTATC-1,6
CAATGGAATCTACATA-1,0
CAATGGATCTCTACCA-1,6
CAATGGTCGGCCTGGG-1,1
CAATGTGCCAACCCTT-1,1
CAATTAAGGGTGATGA-1,4
CAATTTCGTATAAGGG-1,3
CAATTTGACCGGGAAG-1,3
CACAAGAAAGATATTA-1,3
CACAAGCTAAGAAAGG-1,2
CACAATGAGCTGCTAT-1,5
CACACACGCTAACGAG-1,1
CACACAGCTTGCGCTC-1,1
CACACAGGGATAGATT-1,0
CACACGCGCTGTCTTA-1,6
CACACGTTTCAATGGG-1,1
CACACTTGTATTGCGA-1,3
CACAGAGACGAGGACG-1,2
CACAGCACCCACGGCA-1,4
CACAGCTAGGGAGTGA-1,0
CACAGGGCCATATAGT-1,6
CACAGGGCCGTTGTCA-1,4
CACAGTCCCGCTTCGC-1,1
CACAGTTCGCTTCCCA-1,1
CACATAAGGCGACCGT-1,3
CACATATTAGCAGGAT-1,4
CACATCGTGCACGCGC-1,2
CACATCTCACCGACGA-1,6
CACATGATTCAGCAAC-1,4
CACATGTTTGGACATG-1,3
CACATTCTTTCGATGG-1,6
CACATTTCTTGTCAGA-1,1
CACCAGTCAGCATGCA-1,2
CACCATCGGAGGAGAC-1,0
CACCCAAATCTTATGT-1,6
CACCCACACGTCACCC-1,0
CACCCACGAGGCAATT-1,6
CACCCGGTTTGTGACT-1,2
CACCCTAACAAGATCT-1,6
CACCCTTGGTGAGACC-1,5
CACCCTTTCCTCGCTC-1,3
CACCGATACACCGAGC-1,6
CACCGCCAGAAGGTTT-1,4
CACCGCCGACCAGCGA-1,0
CACCGCGTCCACTCTA-1,0
CACCGGAGATATCTCC-1,1
CACCGGTAGAGACATT-1,2
CACCGTATCCCATCCG-1,1
CACCGTTAGGGATCAC-1,2
CACCGTTGCGCGATAT-1,5
CACCTAATAGAGTCGT-1,0
CACCTAATCAGTTTAC-1,6
CACCTCGATGGTGGAC-1,6
CACCTTGCGAAACTCG-1,6
CACCTTGGCGCCTTTG-1,6
CACGAAAGTTAGTCCC-1,6
CACGACCACAGACTTT-1,3
CACGACGTAATAGTAA-1,3
CACGACTAAAGTTCTG-1,3
CACGATTGGTCGTTAA-1,3
CACGCACAGCGCAGCT-1,6
CACGCAGCGAGGCTTT-1,4
CACGCGGAACTGTTGC-1,6
CACGGCGCGCCAAAGG-1,1
CACGGGATTGAGGGTT-1,0
CACGTCGGCAACCTCT-1,5
CACGTCTATGATGTGG-1,1
CACGTTCGTGCTCTAG-1,6
CACGTTTCGTACACAC-1,6
CACTAAAGTTGCCTAT-1,4
CACTACGGGAGCTGCC-1,1
CACTACTCAGTTCTGT-1,0
CACTCAAGAGCTATGG-1,4
CACTCAGCTCTTGAGG-1,0
CACTCCTATGTAAGAT-1,2
CACTCCTCTCGGTCGG-1,0
CACTCGAGCTGAACAA-1,6
CACTCGGTTAGGAGGA-1,0
CACTCTTCTGCTAGCC-1,1
CACTGACGATTGTGGA-1,4
CACTGTCCAAGTGAGA-1,6
CACTTAATCAGACGGA-1,4
CACTTCGCCACAGGCT-1,0
CACTTCGTCTTATCTC-1,3
CAGAACTTAGCCCTCT-1,6
CAGAATAACACACGGA-1,1
CAGACACCGATCGCTG-1,5
CAGACCTGTAAGTGTT-1,6
CAGACGAACCTGATAC-1,5
CAGAGACGGTCACCCA-1,4
CAGAGCATGAGCTTGC-1,6
CAGAGGCGATGCATGA-1,5
CAGAGTGATTTAACGT-1,6
CAGATACTAACATAGT-1,6
CAGATATGAAGATGAC-1,2
CAGATCATTTAAAGTC-1,1
CAGATCCTGGTTTGAA-1,2
CAGCAGCCCGTTCCTT-1,6
CAGCAGTCCAGACTAT-1,1
CAGCAGTCTGTGCTGC-1,6
CAGCCCTCACAGGCAG-1,1
CAGCCGGGCCCTCTAT-1,6
CAGCCTCCTGCAGAGG-1,0
CAGCCTCTCCTCAAGA-1,1
CAGCGATTCCCTTCAA-1,5
CAGCTCACTGAGACAT-1,4
CAGCTCGACAAGTTAA-1,6
CAGCTCGTGCTTGTGT-1,1
CAGCTGGCGTAACCGT-1,5
CAGCTTAGTAGGTAGC-1,6
CAGGAAGACTTTATAT-1,6
CAGGATATATCGTTGT-1,3
CAGGATCCGCCCGACC-1,3
CAGGCAGTCTTACCAG-1,6
CAGGCCGTTTGGGTGT-1,4
CAGGCGCACGGTGGTC-1,2
CAGGCGCCATGCTAGG-1,6
CAGTAACTATTTATTG-1,1
CAGTAATCCCTCCCAG-1,0
CAGTACATTCTCTAAA-1,1
CAGTACCAGTTTACGT-1,5
CAGTAGCCCACGCGGT-1,6
CAGTAGCGAGGTAGTA-1,3
CAGTCGAGGATGCAAT-1,6
CAGTCTCTCGGCTAAT-1,3
CAGTCTGTATACTGGG-1,4
CAGTGAATAAATGACT-1,6
CAGTGGTTGCACATGA-1,1
CAGTGTCCGCAGAATG-1,1
CAGTGTCGGCTGGCCC-1,6
CAGTGTTAATCTCTCA-1,2
CAGTTCAAATTGACAC-1,4
CAGTTCCGCGGGTCGA-1,0
CATAACGGACAGTCGT-1,6
CATAAGAAGCTTGGCT-1,6
CATAAGCTCTCCGTCT-1,4
CATAATGAGCGGGCGA-1,3
CATACAAAGCCGAACC-1,1
CATACACGGTTCCCAC-1,4
CATACCCGTACCCAGT-1,4
CATACGAACTAGCTGG-1,2
CATACGGCGTCTGGGC-1,4
CATACGGGTGCATGAT-1,3
CATACTATGTAATTGT-1,4
CATACTTAGGCAATAC-1,1
CATAGCCGCCCGGGAT-1,3
CATAGCGTTGCCCACC-1,2
CATAGTACATTGAGAG-1,6
CATAGTAGCATAGTAG-1,6
CATAGTCAAATACATA-1,1
CATAGTCCACAAGAAC-1,5
CATATACTACTGATAA-1,0
CATATAGGTACAGTCA-1,5
CATATGTCAGGCTACG-1,5
CATATTATTTGCCCTA-1,0
CATCATCTACCCGGAC-1,0
CATCATTACCCTGAGG-1,6
CATCCAATATAGTTTG-1,2
CATCCGCAGGCCCGAA-1,3
CATCCTCTCAAAGATC-1,6
CATCGAATGGATCTCT-1,3
CATCGCCCGCGGCCAA-1,0
CATCGGACGGGTTAAT-1,4
CATCTATCCCGTGTCT-1,0
CATCTTACACCACCTC-1,6
CATGAACCGACATTTG-1,0
CATGAACCTCTTATCA-1,1
CATGACTTCGCTGAAT-1,1
CATGAGATGCACTCTC-1,6
CATGATCGCTTTGAGA-1,4
CATGATGCACAATTCT-1,6
CATGATGGAAGTTAGC-1,1
CATGCACGTGTTACTG-1,1
CATGCATGGAGACCCT-1,1
CATGCCAACTCGCAAA-1,4
CATGCGACCAGTTTAA-1,6
CATGCGTTAGACAGAA-1,0
CATGCTGGCTCCAATT-1,0
CATGGAAATGGGACCA-1,3
CATGGATTGTCTTCCG-1,0
CATGGCAGGAAGATCG-1,6
CATGGGTATGCCTTAT-1,6
CATGGGTCGGGTGTGG-1,6
CATGGTAAGTAGCGTT-1,6
CATGGTATTAGTTTGT-1,2
CATGGTCTAGATACCG-1,6
CATGTAAGAGACATTT-1,6
CATGTAGGAGCGCCAA-1,3
CATGTCTCATTTATGG-1,6
CATTACGTCGGCCCGT-1,0
CATTATAACAGGGTCC-1,0
CATTATCCCATTAACG-1,2
CATTATGCTTGTTGTG-1,4
CATTCACTGACAGCTA-1,1
CATTCAGGTCAGTGCG-1,3
CATTCCCTAAGTACAA-1,3
CATTGCAAAGCATAAT-1,1
CATTGCGAAATGGGCG-1,6
CATTGTGTGCTAGATC-1,3
CATTTAGCGGACCATG-1,6
CATTTATCGTTCAAGA-1,1
CATTTCTAGCAGACTA-1,0
CATTTGAGTGGTACGT-1,2
CCAAACAGAACCCTCG-1,6
CCAAAGCAGTTGGTTG-1,3
CCAAATAACAAGATTC-1,1
CCAACCTTATGTAACT-1,2
CCAACGATGCACTGAT-1,4
CCAACGCTTGCCAGGG-1,1
CCAAGAAAGTGGGCGA-1,5
CCAAGACTTCTGCGAA-1,0
CCAAGCGTAACTCGTA-1,4
CCAAGGAACAGAGAGG-1,0
CCAATAGTGCCGTCGA-1,4
CCAATCGGTAGATCGA-1,0
CCAATGTCACAGCAAG-1,4
CCAATTACGGGTCGAG-1,0
CCAATTGAATGTTAAT-1,0
CCACAATGTACGTCTT-1,6
CCACACTGAGATATTA-1,4
CCACAGCTGAAATCAT-1,3
CCACAGTACCCATCCT-1,0
CCACATACTGCACCCA-1,3
CCACCAACTTTACTGT-1,2
CCACCCAAGGAAAGTG-1,6
CCACGAATTTAACCTC-1,1
CCACGAGAAGAGAATC-1,6
CCACGGAGCCATAAGA-1,5
CCACGGTGCCCGGTAG-1,6
CCACTAAACTGAATCG-1,3
CCACTGGTGGCTGGTT-1,4
CCACTGTTTGGATTAA-1,1
CCAGAAAGCAACTCAT-1,2
CCAGAGACAAAGCCGG-1,0
CCAGATAGTTGAGTGA-1,6
CCAGCCTGGACCAATA-1,4
CCAGCTACGCCTCATA-1,3
CCAGCTCGAACGCATT-1,4
CCAGCTGATGGTACTT-1,6
CCAGCTTCCGCCCGCA-1,0
CCAGGGACGTGGCCTC-1,6
CCAGTAGTCTGATCCA-1,6
CCAGTCAAATCTCTTA-1,4
CCAGTCCATTATTCGA-1,3
CCAGTCTAGACGGCGC-1,6
CCAGTCTTGTCATAGA-1,4
CCATAAACAACCCGAC-1,6
CCATACCTTTACTTGT-1,1
CCATAGGTTGGCGTGG-1,0
CCATAGTCAGTAACCC-1,1
CCATATGGAAACTATA-1,1
CCATATTGGATCATGA-1,3
CCATCCATACCAAGTC-1,0
CCATCGCAGTTAAACT-1,4
CCATCTCACCAGTGAA-1,6
CCATCTTGTTCACAAT-1,3
CCATGCCCTAGATTTC-1,6
CCATGCCTGTTTAGTA-1,4
CCATGCTCTGCAGGAA-1,6
CCATGGCCCTTGTACC-1,6
CCATGTTCATCTATAT-1,2
CCATTAGCGATAATCC-1,4
CCATTCCCTGCCCACA-1,4
CCATTTCTACCTATTA-1,6
CCCAAACATGCTGCTC-1,6
CCCAACATACGTCGCG-1,5
CCCAACCACACTAACA-1,1
CCCAAGAATGCACGGT-1,1
CCCAAGACAGAGTATG-1,3
CCCAATGAGATTTGCA-1,2
CCCAATTTCACAACTT-1,4
CCCAGAGGAGGGCGTA-1,1
CCCAGGTCTGAAGGCT-1,1
CCCAGTAAACTTGGGA-1,5
CCCAGTTAAGGCGCCG-1,6
CCCATATAGGTCGATT-1,1
CCCGAAGTTTCGCGAA-1,4
CCCGACCATAGTCCGC-1,6
CCCGAGTTTCTCCGTA-1,1
CCCGCAGCGCGAACTA-1,4
CCCGCAGGGCCCAAAG-1,0
CCCGCCATGCTCCCGT-1,0
CCCGCGCAATGCACCC-1,0
CCCGCTAGAGGGTTAA-1,1
CCCGGCACGTGTCAGG-1,0
CCCGGGTCGTTCAGGG-1,4
CCCGGTGGAAGAACCT-1,0
CCCGGTGTATCGGAAT-1,5
CCCGTAAGTCTAGGCC-1,4
CCCGTAGCTGGGAAGA-1,2
CCCGTCAGCGTCTGAC-1,6
CCCGTTTCGCAGATGT-1,1
CCCTAGTGTCAGGTGT-1,3
CCCTATGTAGAGCAGA-1,2
CCCTCATTCTGGAATT-1,6
CCCTCCTCGCTCGTAT-1,1
CCCTCGGGAGCCTTGT-1,3
CCCTGAAATGAGTTGA-1,0
CCCTGACTAACAAATT-1,4
CCCTGATGTAACTCGT-1,3
CCCTGCCCAATCCGCT-1,4
CCCTGCGCTACGCATA-1,6
CCCTGGTATGGGCGGC-1,1
CCCTGTTGGCAAAGAC-1,3
CCCTTCTCGTACGCGA-1,3
CCCTTTAATGGAGTTC-1,1
CCCTTTGACAGGTCTT-1,5
CCGAAAGTGGTGAGCA-1,0
CCGAACACTGGGCCTC-1,3
CCGAACCTTCCCGGCC-1,6
CCGAAGTATATTGTTC-1,3
CCGACAAACACATGAG-1,0
CCGACAAAGGGAGTGC-1,6
CCGACAATAGGCCGCC-1,1
CCGACGGGCATGAGGT-1,2
CCGACGTAAACACAAC-1,1
CCGACTCGCATAGTCT-1,1
CCGAGAAGTCGCATAA-1,1
CCGAGCTGTGCTTGTC-1,0
CCGAGGGATGTTAGGC-1,0
CCGATCTCAACCTTAT-1,6
CCGATTCGAGGGACCC-1,4
CCGATTGGTCAATGAA-1,3
CCGCACAAAGACCAAC-1,4
CCGCACGTGACCTCGG-1,0
CCGCATGTGGTACGAT-1,4
CCGCCACCACAATCCA-1,1
CCGCCGGAACTTCTCG-1,5
CCGCCGGTCAACACAC-1,0
CCGCCGTTGAGGATAA-1,1
CCGCCTGCGAATTGGT-1,0
CCGCGATTTGGTAGGT-1,4
CCGCGGAATGCGTCAC-1,5
CCGCGGGTACGAAGAA-1,6
CCGCGTAGGTAAGGGC-1,0
CCGCTATCAGCACCAG-1,4
CCGCTCTTCCGAACTA-1,1
CCGCTGGTGCCATTCA-1,0
CCGCTTACCTCACTCT-1,2
CCGCTTCGCGGTTAAC-1,3
CCGCTTGCTGACATGG-1,1
CCGGAATGGTTTCAGT-1,0
CCGGAGCGTACTTTCT-1,5
CCGGCACGACCGTTTC-1,1
CCGGCGCATATTGGAT-1,0
CCGGCGTGAGACTCTG-1,4
CCGGGACCCGCAGAGA-1,6
CCGGGCGGTCTCGTCA-1,6
CCGGGCTAAGAATTTC-1,2
CCGGGCTGCTCCATAC-1,6
CCGGGTTCGAGGTTAC-1,4
CCGGTAATGGCTAGTC-1,1
CCGGTTTGTAATTGTG-1,5
CCGTAAGTTGGTCCCA-1,6
CCGTACCCAAGCGCCA-1,1
CCGTAGGAAATCCCTG-1,1
CCGTAGGGTTGTTTAC-1,1
CCGTATCTCGTCGTAG-1,2
CCGTATTAGCGCAGTT-1,1
CCGTCAACCTCTGGCG-1,2
CCGTGCCCATGACGGC-1,0
CCGTGGAACGATCCAA-1,1
CCGTGTTAAATTCCAT-1,5
CCGTTACGTTAGAACA-1,0
CCGTTCCGAATCTCGG-1,4
CCTAAACAGGGTCCGT-1,3
CCTAAAGGCTGACGCT-1,0
CCTAAATTAACGGTTC-1,4
CCTAAATTGTATCCTA-1,1
CCTAACCCAAACAAGT-1,6
CCTAACTAAGGCTCTA-1,0
CCTAAGTGTCTAACCG-1,3
CCTACAAGTCCGGAAT-1,3
CCTACATTCACAGACG-1,2
CCTACGCGACCTTACA-1,1
CCTACGGCTCAGTCGA-1,1
CCTACTGCTTACACTT-1,6
CCTAGGCGTAGCGATC-1,6
CCTAGGTAAAGGTAGC-1,5
CCTAGTTAGTCGCATG-1,0
CCTATAATGAGTGCCC-1,6
CCTATACCGTCCTGTC-1,5
CCTATATCGTGTCACG-1,2
CCTATATTTGTCCTGG-1,5
CCTATCTATATCGGAA-1,0
CCTATGAAGTGGTGCC-1,1
CCTATGGCTCCTAGTG-1,5
CCTATGGGTTACCGTC-1,4
CCTATGGTCAAAGCTG-1,6
CCTATGTCCACTCCAC-1,6
CCTCACCAATCTTGAC-1,0
CCTCACCTGAGGGAGC-1,0
CCTCACCTTAGCATCG-1,6
CCTCATGCAGCTACGA-1,3
CCTCCCGACAATCCCT-1,0
CCTCCGACAATTCAAG-1,4
CCTCCTAGCTAGAGTC-1,2
CCTCCTGTTGTGTCGT-1,1
CCTCGAAGTGGACGGG-1,6
CCTCGACCCACTGCCT-1,1
CCTCGCCAGCAAATTA-1,6
CCTCGCGCGATATAGG-1,6
CCTCGCGCTGTGCGAT-1,4
CCTCGGACCGGGATAG-1,6
CCTCGGATGCTACCTG-1,0
CCTCGGTTTCCTTGCC-1,5
CCTCTAATCTGCCAAG-1,6
CCTCTACAAGGATTGG-1,2
CCTCTATCGATTAGCA-1,2
CCTCTCTCCCATCTAG-1,4
CCTCTGGCCTAGACGG-1,0
CCTCTGTACTATTCTA-1,4
CCTGAACGATATATTC-1,6
CCTGAATATTTACATA-1,6
CCTGACCACCGATGGT-1,3
CCTGACGCAACCTTTA-1,1
CCTGCGTTCTACGCTT-1,0
CCTGCTATTTGAGAAG-1,6
CCTGGAAACGTTCTGC-1,1
CCTGGCTAGACCCGCC-1,0
CCTGGTCGAATGTGGG-1,4
CCTGTAAGACATGATA-1,4
CCTGTACTCACGCCCA-1,4
CCTGTCACCCGGGCTC-1,6
CCTGTCCCTCACGTTA-1,1
CCTGTCGCCCGTAAAT-1,4
CCTGTGCATAGGAGAC-1,3
CCTGTGCGGATTGTAA-1,3
CCTGTTTGAAGACACG-1,6
CCTTCAGTTAAAGTGA-1,5
CCTTCGTATAGAATCC-1,5
CCTTCTCAGCGTTCCT-1,4
CCTTCTTGATCCAGTG-1,6
CCTTGACCACTTTATT-1,1
CCTTTAAGGGAGCACT-1,5
CCTTTCAATGAAGAAA-1,6
CCTTTGAATTATGGCT-1,2
CGAAACATAGATGGCA-1,0
CGAAACGCAATTCATG-1,4
CGAACAGTATGGGCGT-1,6
CGAACCCGCATGCGTC-1,5
CGAACGCCCAGTGCCG-1,0
CGAACGGCCGGACAAC-1,5
CGAAGACTGCCCGGGA-1,3
CGAAGCTATAAATTCA-1,1
CGAAGGGTTTCAGATT-1,2
CGAAGTTGCTCTGTGT-1,4
CGAATCTGCTCGACGC-1,5
CGAATGAAGTCATTGC-1,2
CGAATGACGCATAATG-1,4
CGAATTACATGGTGTT-1,1
CGACAATTTGATCTAA-1,6
CGACACGCTCCGACAG-1,6
CGACAGTTCGCGTTAT-1,3
CGACATGCGATCTTCT-1,1
CGACCCTTAACGCCGG-1,5
CGACGCATCCGTACCT-1,5
CGACTCAGGATGTTAT-1,6
CGACTTTGTATAGCCT-1,1
CGAGACCCTAGAGTGT-1,3
CGAGAGATGTGAACCT-1,6
CGAGAGCGCGTAGATA-1,4
CGAGAGCTTTCACTAC-1,6
CGAGAGGGTAGCCGCG-1,1
CGAGATGTTGCCTATA-1,3
CGAGATTTCGCTCGGG-1,1
CGAGCACTTCAAGTTT-1,0
CGAGCGTTGATCAGCC-1,1
CGAGCTGGGCTTTAGG-1,6
CGAGGCCAGGCATTGG-1,3
CGAGGCTAAATATGGC-1,4
CGAGGGACTGCGGTCG-1,6
CGAGGGTATCCAGGTG-1,4
CGAGTACTAAAGAGGA-1,5
CGAGTGAAGGTACCAG-1,5
CGAGTGCTATAGTTCG-1,3
CGAGTTCTGTCCCACC-1,6
CGAGTTTATCGGACTG-1,0
CGATAATACTCAGGTT-1,1
CGATACCTCGCGGACA-1,5
CGATAGCGATACAGTG-1,2
CGATAGTCGTACTGCA-1,6
CGATATTAGCCGCAGG-1,3
CGATCCGACCCAGTGC-1,4
CGATCCTCGCAACATA-1,2
CGATCTGTTGGAGGAC-1,5
CGATGGACCCTACGCC-1,0
CGATGTTGTTATCTAC-1,2
CGATTAAATATCTCCT-1,4
CGATTCGCCTGGCTGC-1,6
CGCAAACACGAGTTAC-1,4
CGCAATTACTTTCGGT-1,6
CGCAATTAGGGTAATA-1,0
CGCAATTCTACAATAA-1,0
CGCACATGTCCACTAC-1,6
CGCACGTCTGTTTATG-1,2
CGCACGTGCGCTATCA-1,6
CGCAGAAACATTTGCG-1,1
CGCAGATCTTCACCCG-1,1
CGCAGGCGATCCAAAC-1,1
CGCATCATGGCTTCAG-1,0
CGCATGGTGCGATGCT-1,4
CGCATTAGCTAATAGG-1,4
CGCCAAGAAGCCGAGT-1,4
CGCCACAGGTCGCGAT-1,5
CGCCACCCGCATTAAC-1,3
CGCCATCCGATTATGA-1,6
CGCCCAGCACGCCTAG-1,5
CGCCCAGCGTTTCACG-1,6
CGCCCGCTTCCGTACA-1,0
CGCCCTAATTGTTCAA-1,2
CGCCCTTACATCCACC-1,3
CGCCCTTGAAGGCTGA-1,0
CGCCGCCCATGCCTGT-1,6
CGCCGCGTTCTGAACG-1,5
CGCCGTTCAGCATAGT-1,1
CGCCTCCCTCCTCTAT-1,4
CGCCTGGCCTACGTAA-1,4
CGCCTTTAGCATGCTC-1,1
CGCGAAGTGGCATACT-1,1
CGCGACCGCGACAGAT-1,6
CGCGAGAGGGACTTGT-1,1
CGCGAGTCTGCCGGGT-1,2
CGCGCAAATGTCCAGA-1,2
CGCGCAAGGAACTACA-1,3
CGCGCATGTTTGATTG-1,5
CGCGCCCGACTTAATA-1,6
CGCGGCAGTATTACGG-1,3
CGCGGCTCAACTTGAA-1,6
CGCGGGAATTAGGCAG-1,6
CGCGGTCACAAACCAA-1,1
CGCGTCATATTAAACC-1,0
CGCGTGCTATCAACGA-1,3
CGCGTTCATGAAATAC-1,6
CGCTACGGGACATTTA-1,4
CGCTAGAGACCGCTGC-1,6
CGCTATACCGCCCACT-1,1
CGCTATTCAATGTATG-1,0
CGCTATTCTTAGGCTC-1,4
CGCTCGACATAATGAT-1,6
CGCTCTCCGTAGATTA-1,4
CGCTGAGGACGTCCAA-1,3
CGCTGGTGACTACCCT-1,6
CGCTGTGACGCCGCAC-1,6
CGCTGTGTGGATGTTG-1,5
CGCTTAGTATTGATAC-1,4
CGCTTATTCCCGGTCG-1,4
CGCTTCCACTGAAATC-1,0
CGCTTCGGTCTAAGAC-1,1
CGCTTTCATACCGGTG-1,0
CGCTTTCTTGCATTCG-1,6
CGGAAAGAATCAAACG-1,5
CGGAAATTTCACATCC-1,1
CGGAACGTAAACATAG-1,5
CGGAGCAATTTAATCG-1,4
CGGAGCATGGCGATCC-1,4
CGGAGCTTATAACACC-1,1
CGGAGTTTGAGAGACA-1,4
CGGATAAGCGGACATG-1,0
CGGATCCTCAAGGACT-1,6
CGGCAAACATCGTGCG-1,4
CGGCAATAAGATCGCC-1,1
CGGCACCGTTAGCGCC-1,6
CGGCACTCAAGAAAGT-1,3
CGGCAGGGTCGGGTTG-1,6
CGGCCACGCACAAAGT-1,4
CGGCCAGAGCGACCAT-1,5
CGGCCCAACCTGTAGT-1,1
CGGCCCAGGTATATCC-1,1
CGGCGCCATCAATCCC-1,6
CGGCTCTAAAGCTGCA-1,1
CGGCTCTTCGTCGAAC-1,1
CGGCTGCAAGATTAAG-1,1
CGGCTTTGTATGATAA-1,0
CGGGAATATAGTATAC-1,1
CGGGAATTTATGTAAA-1,4
CGGGAGCTTCAGTGTA-1,6
CGGGAGTATACCGCCG-1,3
CGGGATCAATGTAAGA-1,0
CGGGCAGCTAAACCGC-1,4
CGGGCCATAGCCGCAC-1,3
CGGGCCTTCTTTGTAA-1,4
CGGGTGTACCCATTTA-1,6
CGGGTTCGGCACGTAT-1,3
CGGGTTGTAGCTTTGG-1,3
CGGGTTTGTTAGGGCT-1,1
CGGTACTAGAATCAAA-1,6
CGGTAGAGGTGCAGGT-1,0
CGGTATAGGTATTAGC-1,0
CGGTCAAGTGGGAACC-1,0
CGGTCCGTCGCAAGCC-1,5
CGGTCTATCAACCCGT-1,6
CGGTGAAGACTAAAGT-1,4
CGGTGCAGATAGAACG-1,4
CGGTGCGCGTTGGTCC-1,2
CGGTGGGCTCCAGCCT-1,1
CGGTGTACTTGATCCC-1,0
CGGTTATCCAACAGTG-1,6
CGGTTCAAGTAGGTGT-1,6
CGGTTCCGGCTTCTTG-1,3
CGGTTGACCTGGCATA-1,4
CGGTTGAGTATCCTTC-1,2
CGGTTGGGTTCAAGTT-1,1
CGGTTTATGAAGGAAC-1,1
CGTAAACGCTTGAGTG-1,3
CGTAACTTCGACACTT-1,5
CGTACCTGATAGGCCT-1,6
CGTAGAGAGTAATTAT-1,6
CGTAGCGAATTGTCAG-1,0
CGTAGCGCCGACGTTG-1,1
CGTATTAAGAGATCTA-1,6
CGTCAAGGCTATAAAT-1,0
CGTCAATCTTTAACAT-1,3
CGTCACGTCCATTGGT-1,5
CGTCAGTGCGCACAAG-1,1
CGTCAGTTTATCGTCT-1,3
CGTCATACCATATCCA-1,0
CGTCGCATGTGAGCCA-1,6
CGTCGCGGCGGGATTT-1,3
CGTCGCTTGGTTATAC-1,2
CGTCGGATAGTGTTGA-1,6
CGTCGGGTCTAAGCGC-1,2
CGTCGTCCTTCGCGAA-1,6
CGTCTGGAAGGGCCCG-1,0
CGTGAAGTTAATTCAC-1,4
CGTGACATTGGGTCGT-1,0
CGTGACCAGTCCTCTG-1,4
CGTGCAGACTGGGACA-1,4
CGTGCATTGTCGACGC-1,4
CGTGCCCGACATTTGT-1,3
CGTGCCCTCCCGAAGA-1,0
CGTGCTTCTACCTAAA-1,2
CGTGGCCGAATATCTA-1,1
CGTGGTACCCAAAGGC-1,2
CGTGTATGGGAGCTGA-1,3
CGTGTCCCATTCGCGA-1,0
CGTGTCTCGTTACGAC-1,2
CGTGTGTTAAACCCTG-1,1
CGTTAAACTAGTTAGG-1,1
CGTTAATGTCCCGACG-1,6
CGTTAGCTCACAACTG-1,0
CGTTCAGACCCGCGAA-1,4
CGTTCATGGTGCGCGT-1,5
CGTTCTTCGCACACCT-1,1
CGTTGAATACCGCGCT-1,6
CGTTGAGCGACCGTCG-1,4
CGTTGAGTAATTGCGT-1,1
CGTTGCCCGCGTGGGA-1,5
CGTTGTAAACGTCAGG-1,0
CGTTGTAAGATTGATT-1,1
CGTTGTCGGCAATTGA-1,6
CGTTGTTTCAATTCCC-1,4
CGTTTAAGCGGAGCAC-1,0
CGTTTCACTTCGGGCG-1,6
CGTTTCGCTCATTACA-1,4
CGTTTGTGTAGAGGGT-1,2
CTAAACGGGTGTAATC-1,3
CTAAAGAATGCCTACT-1,4
CTAAAGGGAAATAGGA-1,4
CTAAAGTCCGAAGCTA-1,3
CTAAATCCGGTGTACA-1,2
CTAAATCCTATTCCGG-1,6
CTAACCGCGCGCCCGT-1,4
CTAACGAAACTTGCTG-1,6
CTAACTGATAATCGCC-1,1
CTAACTGGTCCGGTTC-1,2
CTAAGGGAATGATTGG-1,6
CTAAGTACAGGGCTAC-1,1
CTAATTCGCACGCGCT-1,4
CTAATTCTCAGATATT-1,1
CTAATTTCAACAACAC-1,0
CTACAAGAAATAACCC-1,2
CTACACTAGCTTGTTC-1,3
CTACACTCGCAGATGG-1,1
CTACATATCGCGGGAC-1,2
CTACCCTAAGGTCATA-1,6
CTACGAACTAGGTCGA-1,1
CTACGACTAGCTATAA-1,4
CTACGATCCTATCCTA-1,2
CTACGCACGGAGTACC-1,4
CTACGCCATTTCCGAT-1,0
CTACGTGTTGCCACCA-1,3
CTACTATCATAGGTTT-1,2
CTACTATCTTTCAGAG-1,6
CTACTCAAGGTATAGT-1,5
CTACTCTAGGCCCGGC-1,6
CTACTGCCACCTGACC-1,6
CTAGACATATATGTAG-1,3
CTAGACTGCATTTCGT-1,1
CTAGATAAACTCCTCG-1,3
CTAGATGTGAGTGTAA-1,6
CTAGATTTACGACGGC-1,6
CTAGCAACTAATTTAC-1,3
CTAGCATAGTATAATG-1,4
CTAGCCGATGTTATGA-1,0
CTAGGCGCCCTATCAG-1,6
CTAGGCGGCAGAGAAT-1,3
CTAGGGATAGGGACAA-1,5
CTAGGTCTGAAGGAAT-1,1
CTAGGTTCGGACGTGA-1,6
CTAGTAGAAAGGGATT-1,6
CTAGTATTCGGAATTA-1,6
CTAGTCACGTCTTAAG-1,4
CTAGTGAAGGACAGGA-1,4
CTAGTTACAACCCGGT-1,6
CTAGTTGGGCCCGGTA-1,6
CTATAAGAGCCAATCG-1,6
CTATAGGCGTTGATGT-1,2
CTATCGACGAAATACA-1,6
CTATCGGGTCTCAACA-1,4
CTATGCCCGAATGCAA-1,4
CTATGGGAAGCGGAAT-1,1
CTATGTCACTAGCCCA-1,4
CTATGTCTATTGAAAC-1,0
CTATGTGAGTCACGGC-1,3
CTATTCATGTGTCCCA-1,3
CTATTGTGTTTGGTCA-1,1
CTATTTGCTTGGAGGA-1,5
CTATTTGGTTACGGAT-1,6
CTCAAACCACTGCCCG-1,2
CTCAACTAACCCGGAT-1,6
CTCAAGACATTAGCGC-1,1
CTCACATTTACTAAAT-1,4
CTCACTGTGATACTTA-1,6
CTCACTTGGCTGGTAA-1,4
CTCAGGACTCACCTGT-1,0
CTCAGTCACGACAAAT-1,6
CTCATAAATGTGTATA-1,0
CTCATGGCTCACAATC-1,0
CTCATGGTAATTTGCG-1,5
CTCATTGCTCTAACAA-1,6
CTCATTTGATGGGCGG-1,0
CTCCCAATGAGTCGCG-1,1
CTCCCTCCTTTCGATC-1,2
CTCCGCCCACATGAGG-1,5
CTCCGGCCTAATATGC-1,6
CTCCGGCTTGTAGACA-1,1
CTCCTAAGTTATGTCT-1,1
CTCCTCCAGCTCACAC-1,5
CTCCTGTTCAAGGCAG-1,1
CTCCTTTACGCAAGTC-1,1
CTCGAATGGAACGTAT-1,1
CTCGAGACATACGATA-1,5
CTCGAGGTCGAACAGT-1,6
CTCGATATTTGCGAGC-1,6
CTCGCACCTATATAGT-1,6
CTCGCATTGCATAGCC-1,2
CTCGCCGAATGTAGGG-1,4
CTCGGGCATCGTCGGG-1,3
CTCGGGTTCTCTGGCC-1,2
CTCGGTACCACTGCTC-1,6
CTCGGTCCGTAGCCTG-1,6
CTCGGTTGTCGGCCCT-1,2
CTCGTCGAGGGCTCAT-1,2
CTCGTTACGGCTACCA-1,5
CTCGTTTCTAATGTTT-1,1
CTCTAATGCATTGATC-1,1
CTCTACACTGGCGATT-1,4
CTCTAGCCCTCGGAAA-1,6
CTCTATTTGGCTGCAG-1,6
CTCTCACAATCGATGA-1,6
CTCTCGATGTGCGCCT-1,1
CTCTCTAACTGCCTAG-1,2
CTCTGCGAAGCAAGCA-1,0
CTCTGGACGCCTGGTG-1,4
CTCTGTGCCTGCTATG-1,3
CTCTGTTTGAGGATTC-1,0
CTCTTCTATTGACTGG-1,6
CTCTTCTGGAAGTTAG-1,2
CTCTTGTCCCGCTTGG-1,3
CTGAAAGAGATCCGAC-1,6
CTGAATCCGAGACCTC-1,5
CTGAATTTATTGCCAG-1,1
CTGACATAGAAATAGA-1,1
CTGACTGCGCAGCTCG-1,0
CTGAGAAAGTTCGGCG-1,1
CTGAGCAAGTAACAAG-1,1
CTGATAGTGTATCTCA-1,0
CTGCAAATGGGCTCCA-1,3
CTGCAAGCACGTTCCG-1,1
CTGCACAACTACATAT-1,6
CTGCACCTGGAACCGC-1,6
CTGCACTCCAGTACAG-1,4
CTGCAGAGAATCAGAG-1,1
CTGCCAAGGTTGGAAG-1,6
CTGCCATGCATCACAT-1,4
CTGCCTAGCCACCAAG-1,0
CTGCCTTTAATACCTT-1,2
CTGCCTTTCTAGTAAA-1,6
CTGCGGGTGAAATGTT-1,0
CTGCGGTAGTCACGTG-1,1
CTGCGTTACGATATAA-1,0
CTGCTGAGGCCACGAA-1,2
CTGCTGTCTAACGAGC-1,1
CTGCTTGGCGATAGCT-1,6
CTGCTTTATGTCCGCG-1,1
CTGGAAATGGATGCTT-1,4
CTGGAAGACACGGTGG-1,6
CTGGACGCAGTCCGGC-1,5
CTGGATTTACACTTGA-1,5
CTGGCATCCGAATGAG-1,2
CTGGCGACATAAGTCC-1,6
CTGGCGATTTACATGT-1,3
CTGGCGCACAGGTCTG-1,6
CTGGCGGGAATAAGTA-1,0
CTGGCTCCTGCGGGAT-1,3
CTGGCTGATTCATCCT-1,6
CTGGCTGCTAACGTAA-1,3
CTGGCTGGTTGTCAGT-1,4
CTGGGATAAATAATGG-1,6
CTGGGATACGCTACCC-1,1
CTGGGATCGCCCAGAT-1,3
CTGGGCACTAGTCGGA-1,3
CTGGGCCTGCTATATC-1,4
CTGGGCGGCCAAATGT-1,1
CTGGGTAGGCAGTTAA-1,0
CTGGGTTGAGTTAAAG-1,5
CTGGTAAAGTGTGGGC-1,4
CTGGTAACACATAGAA-1,6
CTGGTAACGAGCTCTT-1,0
CTGGTCATTCCAATCC-1,0
CTGGTCCTAACTTGGC-1,0
CTGGTGAATGGGCCTA-1,2
CTGGTTCAACGCATCA-1,3
CTGGTTTCGAGCAAGA-1,6
CTGTACTTCTTAGCAT-1,4
CTGTAGCCATCTCACT-1,2
CTGTAGTGAGGATCGA-1,5
CTGTATGGTGTAGAAA-1,6
CTGTCAAATGGCTCGG-1,0
CTGTCACGCCAGGCGC-1,1
CTGTGCAGGGTAGGTC-1,4
CTGTGGTCGGGAGATA-1,6
CTGTTACCCAATCTAG-1,5
CTGTTCACTGCCTGTG-1,6
CTGTTCATCTCACGGG-1,0
CTGTTGTTCAGTCGTA-1,2
CTTAACTTCGAAGTAC-1,0
CTTACACGGTATTCCA-1,4
CTTACACTGGGAAATA-1,6
CTTAGCCTTCCACATG-1,6
CTTAGGTATAGACCAG-1,2
CTTAGTAGGCCTACAG-1,6
CTTAGTGTAGTAGCAT-1,6
CTTAGTTGAGGAATCG-1,2
CTTATGCGCTCAGGGC-1,4
CTTATGTTGACTACCA-1,0
CTTCAACTCCACTTGG-1,6
CTTCAGTGGTCGCCTA-1,5
CTTCATAGCTCAAGAA-1,6
CTTCATTGTCAGTGGA-1,4
CTTCCGCTCCGTGAAG-1,5
CTTCCTGCATATTTAC-1,3
CTTCGGCCAATTGTTT-1,1
CTTCGTAGATAGGTGA-1,4
CTTCGTGCCCGCATCG-1,3
CTTCTATGTTGAAGTA-1,5
CTTCTATTAATGCTAG-1,2
CTTCTGGGCGTACCTA-1,2
CTTCTTACGTCGTATA-1,0
CTTGACCCGAAAGATA-1,1
CTTGAGGTTATCCCGA-1,3
CTTGAGTTAGGGTAAT-1,6
CTTGCAACCGCCTCCT-1,3
CTTGCCCAGGCTCTAC-1,5
CTTGGCCAAGCTGGGA-1,3
CTTGTACTTGTTGACT-1,6
CTTGTCAACATTCGAG-1,4
CTTGTCGTACGTGTCA-1,3
CTTGTGAGGACAGCGG-1,3
CTTGTGAGTCTTTGAC-1,3
CTTGTGCTCACCGATT-1,0
CTTGTTGCTGAGTCAA-1,6
CTTGTTTATGTAGCCA-1,0
CTTTAACTTTCAAAGG-1,6
CTTTAATATTGGTCGA-1,6
CTTTACCGAATAGTAG-1,6
CTTTAGGAACACTGTT-1,6
CTTTAGTGCTATTATT-1,4
CTTTCTGTGCGGGCTT-1,4
CTTTGAAACATATTCC-1,3
CTTTGCATCGCTCTTG-1,6
CTTTGGCGCTTTATAC-1,0
CTTTGGCTTTAGTAAA-1,0
CTTTGGGATTGTTGCA-1,5
CTTTGTCGAATGCTCC-1,2
GAAACAGATGACCACC-1,0
GAAACAGCCATGCAGT-1,0
GAAACATAGGAAACAG-1,2
GAAACCATGGTGCGCT-1,1
GAAACCGAATTACCTT-1,5
GAAACCTATACAAATG-1,5
GAAACTCGTGCGATGC-1,0
GAAACTCTAATGAAGG-1,0
GAAAGAACAGCGTTAT-1,6
GAAAGCAGTGCACTTT-1,5
GAAAGCCCTTTGGACC-1,4
GAAAGTGACTAACTGC-1,0
GAAATACCTGCTGGCT-1,1
GAAATACTAAACGTTT-1,1
GAAATATCACCATCAG-1,4
GAAATATGCTTGAATG-1,1
GAAATCGCGCGCAACT-1,6
GAAATGGCGGTGTTAG-1,4
GAAATGGGATGTAAAC-1,3
GAAATTAGCACGGATA-1,6
GAAATTCACATCGCTG-1,0
GAAATTGTCTCTATAA-1,5
GAACAACTGGGATGAA-1,6
GAACACACATCAACCA-1,6
GAACAGATTACTAAAT-1,6
GAACCATCTGGGAGAC-1,3
GAACCCTCTGTGTTCT-1,4
GAACCTCGACCTACAC-1,0
GAACCTTTAACGATCC-1,6
GAACGACCGAATGATA-1,6
GAACGCGGGTCACACG-1,1
GAACGTCTCATGGTCG-1,6
GAACGTTAGGAAGACG-1,6
GAACTGTGGAGAGACA-1,4
GAACTTAGCGCCCGGT-1,3
GAAGAAACGATATTGT-1,2
GAAGAACGGTGCAGGT-1,1
GAAGACTTCAATGCCG-1,1
GAAGCAAGGCAATGTT-1,3
GAAGCCACTGATTATG-1,6
GAAGCCTGCACATTCC-1,4
GAAGCGTGAGGAATTT-1,4
GAAGCTCGGACCCGTC-1,2
GAAGCTTGCTGACCGC-1,4
GAAGGACTAAATTGAA-1,3
GAAGGAGTCGAGTGCG-1,4
GAAGGGCATAACCATG-1,3
GAAGTCAGTTGCACTA-1,3
GAAGTCTCCCTAGCGA-1,6
GAAGTGATTTATCGTG-1,4
GAAGTGCTGGATAGCT-1,6
GAAGTTTCCACTCAAT-1,4
GAATAGACGCGACCCA-1,6
GAATAGCATTTAGGGT-1,1
GAATAGCCCTGCGGTC-1,1
GAATAGTGCTCGATTA-1,2
GAATATTCGGAGTCCC-1,0
GAATCGACATGGTCAC-1,6
GAATCGCCGGACACGG-1,1
GAATCTATACTCGGAC-1,1
GAATCTGAACATTCTC-1,4
GAATGCCGAAATGACC-1,0
GAATGCGAATCGGTTC-1,4
GAATGTATGGCAGGTC-1,0
GAATGTGGTCCGGATT-1,6
GAATGTTGGGTAATCT-1,0
GAATTATAGTGAAAGG-1,4
GAATTCACCCGGGTGT-1,5
GAATTTCTCGCTGCAG-1,0
GACAAACATATGCAGG-1,6
GACAACGACCATTGAA-1,6
GACAACGCAGCTTACG-1,6
GACAAGAGATGAGATT-1,1
GACACAAGGGAAGAAA-1,4
GACACGAGTTAGAGGA-1,0
GACACTGAGTTCAGTG-1,5
GACACTGGAACCCGAT-1,1
GACAGATTTCTGGCTC-1,4
GACAGCCAGACCTGAC-1,6
GACAGGCACACACTAT-1,4
GACATCCGTCGAACTG-1,6
GACATCGATTTATAAC-1,5
GACCAAACGTTGACTG-1,1
GACCAGAGCCCTGTAG-1,4
GACCAGGTCATTCATA-1,1
GACCCAATTATGATAC-1,2
GACCCGTCGCCGGCTA-1,0
GACCGACGTGAAAGCA-1,1
GACCGACTGAAGCGTC-1,6
GACCGATTAAATATGT-1,2
GACCGCGTCTGACGTG-1,1
GACCGTCAGGTCGTGA-1,0
GACCGTGCTGACGGTG-1,4
GACCTTCCACGTCTAC-1,6
GACGACGATCCGCGTT-1,6
GACGAGGCTAATAAAC-1,1
GACGCATACCCGTCGG-1,2
GACGCCGTAAAGGCTA-1,5
GACGCCTGTTGCAGGG-1,1
GACGCTTGCTTCTAAA-1,3
GACGGACCGCGTTCCT-1,1
GACGGGATGTCTTATG-1,3
GACGGGTTGGCCCGTA-1,5
GACGGTCAATAGAAGC-1,6
GACGTGAGACTCCATG-1,3
GACGTGTAGGGATTAT-1,3
GACTAACACAGCACCT-1,0
GACTAAGATCATGCAC-1,6
GACTAAGTAGGCTCAC-1,6
GACTACAAAGCGGTGG-1,5
GACTACAATTGCTCGT-1,1
GACTAGGCCGTTAGGT-1,6
GACTCACCCACGTGAG-1,1
GACTCCCAGAATAAGG-1,1
GACTCCTTCCAATTGA-1,2
GACTCGCGGGAATGAC-1,6
GACTCGGTCGGCGGAT-1,3
GACTGATTGGTCACAA-1,1
GACTGCAAATCGAGCT-1,6
GACTGCACCAGCCCAG-1,6
GACTGCGGCACGTGTA-1,6
GACTGCTGGTGAGAAA-1,2
GACTGGGCGCCGCAAC-1,1
GAGACTGATGGGTAGA-1,4
GAGACTTCGCGACCGA-1,3
GAGAGGGCGCGAGGTT-1,4
GAGAGGTGCATTCTGG-1,5
GAGAGTCTCGGGAGAG-1,5
GAGATCTGCTTGGCAT-1,4
GAGATCTGTCACTCCG-1,6
GAGATCTTCCATGACA-1,6
GAGATGGGAGTCGACA-1,6
GAGCACCTGTGTCCAG-1,6
GAGCATCAACAACTTG-1,2
GAGCATCATCCCTGGG-1,1
GAGCCACGGTAGTAGG-1,1
GAGCCAGCTACCTGTG-1,6
GAGCCGAGCGTTTATT-1,1
GAGCGAGGGAGTACCG-1,0
GAGCGCAAATACTCCG-1,1
GAGCGCGCACGAGTAG-1,6
GAGCGCTATGTCAGGC-1,3
GAGCGCTGTTAGGTAA-1,2
GAGCGGAATGCGGTGT-1,5
GAGCTAAGGGCATATC-1,6
GAGCTCTCGGACCTAA-1,1
GAGCTGTCGTCTCGGA-1,1
GAGGAATGGAGAGGTT-1,0
GAGGAGATCCTCATGC-1,3
GAGGAGTAATTCCTAC-1,3
GAGGATAAACAGTGCT-1,1
GAGGCCCGACTCCGCA-1,2
GAGGCCTGTTGATACA-1,1
GAGGCTATCAAAGTCG-1,4
GAGGGAGTCAGATCGC-1,2
GAGGGCATCGCGTATC-1,0
GAGGGCGCAGCTCTGC-1,6
GAGGGTAGTAACAAAG-1,2
GAGGTACATCCATCTT-1,0
GAGGTACGCGTGTCCC-1,6
GAGGTCCCAAAGATCT-1,0
GAGGTCTTAGTGGGTC-1,1
GAGTAAACCGGAAAGT-1,1
GAGTAAGGCCACGGGA-1,5
GAGTACGGGTATACAA-1,1
GAGTAGATACTAGTTG-1,4
GAGTATGCCCGCCTTG-1,2
GAGTATGCGCGTGCAT-1,0
GAGTCAGACCAGAATC-1,5
GAGTCCGCTTACCGGA-1,4
GAGTGTCAACCAGAAA-1,6
GAGTGTGCGGTACCCA-1,6
GAGTTGATGGCAATTT-1,5
GAGTTGTCACCAGTCT-1,2
GATAAATCGGTGGATG-1,0
GATAACTCGCACTGTG-1,6
GATAAGGCAGATGCAA-1,3
GATACGATGGGAGTCA-1,5
GATAGGTAACGTTGAC-1,5
GATAGTGCGAGTAAGT-1,5
GATATCTCATGCAATA-1,0
GATATGAGACACTAAC-1,6
GATATGCGGTAGCCAA-1,6
GATATGGATTACGCGG-1,6
GATATTGAGATTGGCG-1,0
GATATTTCCTACATGG-1,0
GATCAACATAAAGGGA-1,2
GATCATTCCAAACATT-1,4
GATCCCTTTATACTGC-1,6
GATCCGGGAATTAACA-1,6
GATCCTAAATCGGGAC-1,6
GATCCTCGACACTGGC-1,2
GATCCTCTTGCGCTTA-1,1
GATCGACACTATCTGA-1,4
GATCGCGGGCTCTCCA-1,3
GATCGCTACCCGATTT-1,6
GATCGCTATATCTCAG-1,2
GATCGGATAGAACCAT-1,4
GATCGGCGATAAGTCG-1,0
GATCGGTGGCCATAAC-1,6
GATCGTGACTGATATC-1,4
GATCTCGACGCTGTGG-1,1
GATCTGCTATCTAAGG-1,4
GATCTTGGAGGGCATA-1,4
GATCTTTGCAGGGTAT-1,4
GATGACAAGTAGGGCA-1,2
GATGACGATGATCGCG-1,1
GATGAGGAACCTTCGG-1,0
GATGATTTGAAACTGG-1,4
GATGCCACACTACAGC-1,0
GATGCCAGCAGAAGGC-1,3
GATGCCTTCTGCGGCA-1,2
GATGCGTCCTGCATTC-1,4
GATGCTACAAGCGCCT-1,0
GATGCTGTATTTCATC-1,4
GATGGCGCACACATTA-1,0
GATGGTGCCCTAGGCA-1,0
GATGTAACGAACCACC-1,2
GATGTCCGGATCACAT-1,3
GATGTCGGTCAACTGC-1,6
GATGTGTTGTCACAAG-1,1
GATGTTCAATCCACGA-1,5
GATGTTTGTGCGAGAT-1,0
GATTAACCGAAAGCCC-1,6
GATTAATCCTGGCTCA-1,3
GATTACTGAATTTGGG-1,4
GATTCCCTTGTCGCAG-1,4
GATTCCGCGTTTCCGT-1,0
GATTCCTATACGGCGC-1,0
GATTCGACGGTTCACG-1,4
GATTGACACTCTGCTC-1,0
GATTGCTCCAGTTGCA-1,2
GATTGGGAAAGGTTGT-1,6
GCAAACCCTACATTAT-1,6
GCAAACCTTGGCCATA-1,4
GCAAACGTAAGCGACC-1,2
GCAAACGTCGCCAGGT-1,1
GCAAAGGGCGTTAGCC-1,2
GCAAATATTACGCTTT-1,4
GCAACACACTAGAACT-1,4
GCAACAGCAGTATGCG-1,1
GCAACCACCAGACCGG-1,1
GCAACCACGGCCGCGT-1,5
GCAACGGCTAGTTATG-1,1
GCAAGAATTCCTTGGC-1,5
GCAAGATGTGTTCGCG-1,1
GCAAGTGCACAGAGAA-1,6
GCAAGTGTAAAGCATG-1,5
GCACAAACCCTAGATG-1,2
GCACAAACGAGGCGTG-1,1
GCACAACCTCGGGCGT-1,2
GCACAAGTGTCGGAAG-1,0
GCACACACTGGTAGCC-1,6
GCACACGCCCATGGTC-1,0
GCACAGCACGGGCCGA-1,5
GCACGCCTACTTAGAT-1,2
GCACGTGGTTTACTTA-1,1
GCACTAGTCGCGCTAT-1,0
GCACTGCCTACCTTTA-1,4
GCACTGTGCAAATGTA-1,3
GCAGACCCAGCACGTA-1,6
GCAGATCCATAAGACT-1,6
GCAGATCCTCGCAAAT-1,0
GCAGATTAGGGATATC-1,4
GCAGCACACAGCCCAG-1,3
GCAGCCTATATCACAT-1,1
GCAGCGGTGGGCATTA-1,3
GCAGGAACTTAGATCT-1,5
GCAGGACTATAGAATA-1,4
GCAGGTAGAGTATGGT-1,0
GCAGTGTGGCTATAGG-1,6
GCATACGAGGTCTTTA-1,6
GCATAGAGCACTCAGG-1,4
GCATCCCTAACTTTGA-1,6
GCATCGGCCGTGTAGG-1,0
GCATGAGGGACGCGGC-1,6
GCATTCAAGGCAACGC-1,1
GCATTCGAAATGAACA-1,0
GCATTGTAATTCATAT-1,4
GCATTTCCAAGGCTCC-1,1
GCCAACCATTTCCGGA-1,1
GCCAAGAATACTTCTG-1,4
GCCAATAGGGCATCTC-1,1
GCCACAATTTAAGGAC-1,5
GCCACTCAGAGCGCGA-1,6
GCCAGGAAAGAACACT-1,5
GCCAGGAGTAACCGAT-1,6
GCCAGGCGTTCGCATG-1,1
GCCATATTGCACACAG-1,0
GCCATCGAGCTGCGTG-1,5
GCCATCGATGCTGCAT-1,1
GCCATTAGCCTCAAAC-1,5
GCCCACCAAGGCTGTC-1,0
GCCCAGTTGGTATGCC-1,0
GCCCATGGGTGCAATG-1,1
GCCCGACTTCTTCCCG-1,5
GCCCGAGAGTCTAAAT-1,2
GCCCGATCTGTGGTCG-1,4
GCCCGCGCGTAAACGG-1,2
GCCCGCGCGTTTGACA-1,0
GCCCGTAATACCTTCT-1,6
GCCCTAGCCGTCGCGA-1,2
GCCCTGAGGATGGGCT-1,6
GCCGAAATTCCTACGT-1,4
GCCGACCCACGACTGC-1,2
GCCGATTGGCCAAGCT-1,3
GCCGCATTAGTCCGGC-1,6
GCCGCTAGATACGCAG-1,1
GCCGCTTGTGAGAAAC-1,4
GCCGGAAACACATCTT-1,3
GCCGGGTTAGGGTCGC-1,5
GCCGGTTTGGGCGGAT-1,3
GCCGTCGGTTTCGGGC-1,5
GCCGTGGAAGAAATGT-1,1
GCCTAGCGATCTGACC-1,6
GCCTATAGTGTCAGGG-1,6
GCCTATTCCGATATAG-1,0
GCCTATTTGCTACACA-1,1
GCCTCATCTGGAAATA-1,6
GCCTCCGACAATTCAC-1,1
GCCTCTATACATAGCA-1,6
GCCTGCTACACTGAGA-1,3
GCCTTCAGCCCTACCG-1,0
GCCTTGTATATGCAGT-1,3
GCCTTTGTCAGTGGAC-1,2
GCGAAACGATCGGGAG-1,1
GCGAAACTTAACTGGA-1,6
GCGAAGAATCTGACGG-1,6
GCGAAGCCATACCCGT-1,4
GCGACATGTAAACATC-1,1
GCGACCCAACCATCTG-1,2
GCGACGATAGTTGTAC-1,5
GCGAGAAACGGGAGTT-1,3
GCGAGAGGCCATGTAA-1,1
GCGAGAGTTGCGTCCA-1,1
GCGAGCGCATGCTCCC-1,1
GCGAGGCCCGAGCAGA-1,4
GCGAGTTCTGCAAAGA-1,4
GCGATTCTGGAAGCAG-1,0
GCGATTGTTAACGTTA-1,6
GCGCAAATATATTCAA-1,2
GCGCAAGAGCGCGCTG-1,6
GCGCATCCAGTCAGCA-1,6
GCGCCGTTCCACGATA-1,4
GCGCCTCCCACTCCGA-1,1
GCGCGGTCTAGTAACT-1,5
GCGCGTCATTGGTACA-1,6
GCGCTAAGTATGCATG-1,1
GCGCTAATTGAATAGA-1,6
GCGCTATGCCGAGGCA-1,5
GCGCTGATCCAGACTC-1,0
GCGCTGCTTTGCATTT-1,6
GCGCTTAAATAATTGG-1,6
GCGGACCGCGTTGTGG-1,2
GCGGAGAAACTTCGCA-1,2
GCGGAGAGGGAGAACG-1,6
GCGGCAAAGTATTGCC-1,2
GCGGCTCTGACGTACC-1,3
GCGGGAACCAGGCCCT-1,0
GCGGGCGAGCCTTACC-1,5
GCGGTCCCTAGACGCA-1,1
GCGGTGAACTGCGCTC-1,6
GCGGTTCCCTATCATG-1,5
GCGTAAATGGCCATAA-1,6
GCGTCCCTAAGACATA-1,5
GCGTCGAAATGTCGGT-1,0
GCGTCGCCAGGGTGAT-1,4
GCGTCTCTGCATTGGG-1,3
GCGTGGTACTGGGTTA-1,6
GCGTGTATGTCGTATT-1,1
GCGTTATATTTGGAAC-1,0
GCGTTCGGAGACCGGG-1,0
GCTAAACCTGAGGTGA-1,0
GCTAACTGAAGTCTGA-1,6
GCTAAGTAAAGGCGAT-1,0
GCTAAGTAGTTTCTCT-1,6
GCTAATACCGAATGCC-1,6
GCTACAATCGAGGATA-1,1
GCTACAGTACGGACCG-1,0
GCTACGACTTATTGGG-1,4
GCTACTATAGTAGAGT-1,6
GCTAGACCGTCTACTG-1,6
GCTAGAGTAGAGATGT-1,6
GCTAGCAGGGAGTGGG-1,1
GCTAGCGATAGGTCTT-1,2
GCTAGCTTGAATAGCT-1,2
GCTAGGCACCACGGAG-1,6
GCTAGTAGAGCTTGTA-1,4
GCTAGTTTCATTGAGG-1,6
GCTATACGTCTCGGAC-1,6
GCTATCATACTCATGG-1,6
GCTATCGCGGCGCAAC-1,0
GCTCAATCCGTTTATT-1,2
GCTCAATGTAATACCG-1,4
GCTCATTACTGCATGT-1,0
GCTCCCAGTCGGTCCA-1,1
GCTCCGCTCGCTTCAG-1,1
GCTCCGGACGTTGATA-1,3
GCTCCTGACATACTGG-1,2
GCTCGCGGTTCCGCTC-1,0
GCTCGCTCATGTCCAA-1,6
GCTCGGAATTTAAAGC-1,6
GCTCTAAACCCTGACG-1,4
GCTCTATGTTACGTGC-1,4
GCTCTCGGGTACCGAA-1,6
GCTCTTTCCGCTAGTG-1,5
GCTGAATCTTCCAATC-1,2
GCTGAGGCGTGAGTAT-1,3
GCTGCACGGTTTCTTA-1,6
GCTGCTAAGTAGTCGA-1,5
GCTGCTACTGCGTAGC-1,6
GCTGCTCTCCGGACAC-1,4
GCTGGACCCAAAGTGG-1,1
GCTGGCATATTCACCT-1,6
GCTGGCGGCGCATGCT-1,4
GCTGGGTCCGCTGTTA-1,3
GCTGGTTTAGGCCATA-1,2
GCTGTATTACTGGCCC-1,2
GCTGTCTGTGATCGAC-1,1
GCTGTTGCTACCGAAC-1,6
GCTTAATGTAACTAAC-1,6
GCTTACGTAGTTAGTA-1,1
GCTTATGAAGCAGGAA-1,6
GCTTCCATGTAACCGC-1,0
GCTTCCGTCCCTAGAC-1,0
GCTTCGACGTTCAATC-1,2
GCTTGATGATAATCAG-1,6
GCTTGGATCGATTAGG-1,6
GCTTTCAGAGGAGGTG-1,6
GGAAACCTTGTTGAAT-1,1
GGAAACTAAATGGGCC-1,1
GGAAAGTGCCCATGCC-1,6
GGAACCGTGTAAATTG-1,5
GGAACCTTGACTCTGC-1,2
GGAACGGCCTGCAGCC-1,0
GGAACTTTGGCGATTA-1,1
GGAAGCTCGCTTACAG-1,0
GGAATAACCTCAAGAA-1,1
GGAATGCGCTAGCGTG-1,6
GGACACAAGTTTACAC-1,1
GGACCAACAGGATAAC-1,6
GGACCTACGGTAACGT-1,1
GGACCTCTAGGCCGCC-1,2
GGACGGCTTGCGCAAC-1,1
GGACTCGACAGCGCAT-1,5
GGACTCGTGAGTGGTC-1,2
GGAGAAGTCATTGGCA-1,6
GGAGACCATCTACATA-1,5
GGAGACGACACCTTTG-1,4
GGAGCAACATTTCAAG-1,1
GGAGCACCAAGAACTA-1,6
GGAGCGAGGCCTACTT-1,4
GGAGGATTGAAAGGAG-1,1
GGAGGCCGAAGTCGTC-1,1
GGAGGCGAAGAACCGC-1,3
GGAGGGCTTGGTTGGC-1,6
GGAGGGTCAAGTAAGA-1,4
GGAGTGCCGCCCTGGA-1,6
GGAGTTGATTCTGTGT-1,0
GGATACTCATGAATTG-1,1
GGATCAAAGGACGAGG-1,1
GGATCATCCCGTACGC-1,0
GGATCCCTACCAGCTA-1,3
GGATCCGGAATATACT-1,6
GGATCTTACTGCCCTT-1,2
GGATCTTGACTCAACC-1,5
GGATGAAGATCGCTGA-1,6
GGATGACGCGAGTTTA-1,3
GGATGCTGGCGTTCCT-1,4
GGATGTCCTTACCGCA-1,6
GGATTAAGCTAAGGTC-1,0
GGATTCAGTACGGTGG-1,0
GGATTCCGCTATACCC-1,6
GGATTGAAGTAGCCTC-1,3
GGATTGCTGTGACTCC-1,6
GGATTTCACTTCTATA-1,6
GGCAAAGGCGCCAATA-1,2
GGCAAATTACTTTACT-1,5
GGCAAGCCCATAGTGG-1,4
GGCAAGGCGAAATAGC-1,4
GGCAATAGTCAATGAG-1,4
GGCACTCCACTGGGCA-1,4
GGCAGCAAACCTATGC-1,1
GGCAGCGGTAATCCTA-1,1
GGCATACAGGTAGCGG-1,4
GGCATATCGGTTCTGC-1,0
GGCATCAACGAGCACG-1,3
GGCCACAAGCGATGGC-1,3
GGCCCTCACCCACTTA-1,4
GGCCGAGACTCTGGTG-1,2
GGCCGGCGTCTGCTAT-1,6
GGCCGTTTGGGTTTCA-1,2
GGCCTGCTTCTCCCGA-1,1
GGCGAAATCTAACTTG-1,6
GGCGAGCATCGAGGAC-1,3
GGCGAGCGAAACGGCA-1,5
GGCGCAGGACATCTTC-1,4
GGCGCATGAATTGATG-1,5
GGCGCGGAGATCTTTC-1,6
GGCGCGTTCGAGTTTA-1,5
GGCGCTCCTCATCAAT-1,0
GGCGCTTCATTCCCTG-1,6
GGCGGAGTAATATTAG-1,4
GGCGGTAGGATCATTG-1,4
GGCGGTTTGCCGGTGC-1,3
GGCGTACCCTATATAA-1,3
GGCGTAGGGAAAGCTG-1,6
GGCGTCCTATCCGCTG-1,4
GGCTAAAGGGCGGGTC-1,0
GGCTACTATACACTCC-1,2
GGCTATTAAGTTGTAT-1,4
GGCTCCTCCACCTGTT-1,2
GGCTCGCGTTGAGGTA-1,6
GGCTCGTGCCACCAGC-1,0
GGCTCTGCTCCAACGC-1,4
GGCTGAAATAGCAAAG-1,6
GGCTGAGCATCGTAAG-1,1
GGCTGGCTAGCTTAAA-1,3
GGCTTTCAATAAGGGT-1,4
GGGAACCACCTGTTTC-1,3
GGGAACGGGAGGTTAG-1,4
GGGAACGGTTTCAGAT-1,2
GGGAAGACGGTCTGTC-1,6
GGGAAGGGCTTTCTCA-1,6
GGGAATGAGCCCTCAC-1,1
GGGACAGAGTTACTCC-1,2
GGGACCCGTATATCTT-1,5
GGGACTGCATAGATAG-1,4
GGGAGAACTCACAGTA-1,4
GGGAGGATGCCCGAAA-1,4
GGGAGTAATGGCTGGC-1,1
GGGAGTTAATGAGGCG-1,6
GGGATGGACCCGCGTC-1,2
GGGATGGTCGTAACCG-1,5
GGGATTTACCGCACCT-1,6
GGGCAACCGCACGTGC-1,2
GGGCAGAGCAATCGTT-1,3
GGGCAGGATTTCTGTG-1,2
GGGCCATTCGTGCTGG-1,2
GGGCCCGTCTTAAACA-1,5
GGGCCCTACGAAAGGG-1,4
GGGCCGGCCGAAGTAC-1,6
GGGCCTAAATGGGCTA-1,4
GGGCGATATGTGTGAA-1,4
GGGCGGCAAATGAATT-1,5
GGGCGGGTTCCCTACG-1,4
GGGCGGTCCTATTGTC-1,0
GGGCGTACATTTATAT-1,6
GGGCGTCACCACGTAA-1,5
GGGCGTCCACTGGCTC-1,0
GGGCGTGGTTTCCCAG-1,6
GGGCGTTTACATTCAT-1,2
GGGCTATGATCGATGG-1,5
GGGCTCATCGAACCCA-1,6
GGGCTGCCTAGGGCGA-1,4
GGGCTGGTTAGTCGCG-1,4
GGGTAATGCTGTGTTT-1,3
GGGTACACTCTGGAGG-1,3
GGGTACCCACGGTCCT-1,1
GGGTACTTCATGAACT-1,4
GGGTATGTATGCACTT-1,6
GGGTATTCTAGCAAAC-1,2
GGGTCACCGTGACGGT-1,4
GGGTCACGTGCTTATG-1,3
GGGTCAGGAGCTAGAT-1,4
GGGTCATGCGTACCAT-1,0
GGGTCGTGGCAAGTGT-1,1
GGGTCTATCGCTTTCC-1,3
GGGTGACACCTTAACT-1,5
GGGTGCATATGAAAGC-1,1
GGGTGGTCCAGCCTGT-1,1
GGGTGTTTCAGCTATG-1,6
GGGTTAACATTTGAGT-1,5
GGGTTCAGACGAACAA-1,0
GGGTTTAGGATAGGAT-1,1
GGTAAACTCTGCGCTG-1,4
GGTAAATGTGCGTTAC-1,0
GGTAACCGGGAGGATA-1,2
GGTAACTATGTATCTG-1,1
GGTACAAACATGCTAT-1,5
GGTACATCTGGGACGA-1,4
GGTACCATTAAGACGG-1,1
GGTAGAAGACCGCCTG-1,6
GGTAGACCGTTGGGCG-1,5
GGTAGTGCTCGCACCA-1,6
GGTATAGTGACACATA-1,1
GGTATTGCCGAGTTTA-1,4
GGTCAAGACTACTTCG-1,1
GGTCACGTTAGATTCA-1,3
GGTCAGTGGGTCCCAC-1,5
GGTCATTGTAGTCATA-1,5
GGTCCTTCATACGACT-1,3
GGTCGGATAAACGGCG-1,6
GGTCGGCCAGGAGCTT-1,6
GGTCGGTAATTAGACA-1,0
GGTCGGTCGTCCACAG-1,5
GGTCGTAAGCTCGCAC-1,5
GGTCTCCGTCCAGGTT-1,1
GGTCTCTGAATGGACT-1,2
GGTCTGAGAATCTGGA-1,6
GGTCTTGAGCGCTCTT-1,6
GGTGAAACCGGGAATG-1,3
GGTGAACGGGCTAGCC-1,3
GGTGAAGTACAGGGAT-1,2
GGTGAGATGCAGATAA-1,1
GGTGATAAGGAGCAGT-1,6
GGTGATTTCATCTTGT-1,3
GGTGCAGAGCCTATCG-1,1
GGTGCATAAATGATTA-1,5
GGTGCGGATAAGTGGC-1,0
GGTGCTGATCACAAAG-1,6
GGTGCTGGTACACATT-1,5
GGTGGACCACGTGTTA-1,3
GGTGGACTGCTCTGGC-1,6
GGTGTAAATCGATTGT-1,4
GGTGTTCTGTTTCTAC-1,1
GGTTACCACCCTCGGG-1,5
GGTTAGCTATATGTCT-1,6
GGTTAGGCTTGGAGAA-1,0
GGTTAGTTACGGCGCC-1,6
GGTTCCACCCGCTTCT-1,1
GGTTCTACTCGTCTGA-1,1
GGTTGTATCGTGAAAT-1,3
GGTTGTGTAGCCTGGC-1,0
GGTTTAATTACCATCG-1,5
GGTTTACAATCTCAAT-1,6
GGTTTAGCCTTTCTTG-1,6
GGTTTCAATCGGTCAG-1,6
GGTTTGAGTGCTGGAA-1,1
GGTTTGTGACCTGAGG-1,1
GTAACATCTAAGATAA-1,1
GTAACTGCCCAAGGAG-1,5
GTAACTTGCGGCAGTC-1,1
GTAAGCGGGCAGTCAG-1,0
GTAAGGATTTGTCGGA-1,0
GTAAGTAACAGTCTGG-1,6
GTAAGTAGGGTATACC-1,0
GTAATAAAGGGCTCCC-1,6
GTAATCTGATTCTTCG-1,5
GTACACTTACCTGAAG-1,4
GTACAGAGGCAAGGGT-1,6
GTACGACGGCGCTGCG-1,3
GTACGAGATTGCGACA-1,6
GTACGCTTCATTGCAC-1,6
GTACGTCACGTATTAA-1,1
GTACGTTTGCCCGTCA-1,4
GTACTAAGATTTGGAG-1,6
GTACTCCCTTATCGCT-1,4
GTACTCCTGGGTATGC-1,6
GTACTGAGGTCGTAAC-1,1
GTACTGCATGAAGCGT-1,1
GTACTGGAGTTAGACC-1,6
GTACTTGGGCACTTCT-1,1
GTAGAAACGGGTGGAG-1,0
GTAGACAACCGATGAA-1,1
GTAGACACGCCTGACT-1,4
GTAGACGTCGTTACAT-1,1
GTAGAGGGAGACAAGT-1,2
GTAGCCAAACATGGGA-1,6
GTAGCGCTGTTGTAGT-1,0
GTAGCGGCTATACACT-1,4
GTAGCTAGTAAGCGCG-1,1
GTAGCTCCGGGAGGCT-1,2
GTAGCTTCCTCTTGTT-1,0
GTAGGTGATCCGTGTA-1,0
GTAGTCGCGGGAATCA-1,6
GTAGTCTACGATATTG-1,6
GTAGTTCGAAGGCGAA-1,2
GTATAATCTCCCGGAT-1,3
GTATAGGACTCAGTAG-1,0
GTATAGTGGCCCATGT-1,1
GTATATGTTACGGCGG-1,3
GTATCAAACGTTAGCT-1,6
GTATCAGCTTGGGTTC-1,0
GTATCCTTTGGTAACC-1,6
GTATCGGGACGAGCTG-1,3
GTATCTCAGTCTTGAC-1,2
GTATCTCCCTAACTGT-1,3
GTATCTTGTTGCTCAC-1,3
GTATCTTTCATAACCA-1,4
GTATGAAATTTCACTC-1,5
GTATGACGTGGGAAAC-1,3
GTATGTGGGTCTAGTT-1,6
GTATTAAGGCGTCTAA-1,0
GTATTCTGAGAAACGA-1,2
GTATTTAATGGCATAA-1,3
GTCAAAGAAGTGGTGT-1,2
GTCAAAGTTTACATAG-1,1
GTCAACCAGGCCTATA-1,1
GTCAAGCGGACTCGGG-1,6
GTCAATTGTACTGAAG-1,3
GTCACAAAGTTTCCAA-1,0
GTCACCTGTCTATGTC-1,1
GTCACTCTCCAAATCT-1,0
GTCAGAATAGTCTATG-1,6
GTCAGTTGTGCTCGTT-1,0
GTCAGTTTGGTAGTCG-1,0
GTCATCTCCTACAGCT-1,3
GTCATGCACCTCCGTT-1,4
GTCATGCGCGAGGGCT-1,1
GTCATGGACATGACTA-1,4
GTCATTAGAGCGAACG-1,4
GTCATTGCATTGACCC-1,0
GTCCAATATTTAGCCT-1,4
GTCCATTACTGCTACG-1,1
GTCCCAACGTAAAGTA-1,6
GTCCCGCGACGTTATG-1,6
GTCCGGACCTGAAATT-1,6
GTCCGGCTGAATTGCG-1,6
GTCCTACAGGCGGCTC-1,0
GTCCTACGAATAGTCT-1,6
GTCCTAGGATACCTTA-1,2
GTCCTTCTAGTGGGTT-1,0
GTCCTTTAATGACTTC-1,1
GTCGAATTTGGGCGCT-1,2
GTCGCCGTTGTGTGTT-1,2
GTCGCGTAACCCGTTG-1,6
GTCGGATATCTCAGAC-1,4
GTCGGATGTAGCGCGC-1,6
GTCGGGAAGCAGAAAC-1,4
GTCGTACCATCTCGGG-1,4
GTCGTATTGGCGTACA-1,0
GTCGTCAATTATAAGG-1,1
GTCGTGTCTGGTCATC-1,0
GTCGTTATTCGCTTAT-1,6
GTCTACTCAATTACAA-1,6
GTCTAGTGAGCCGCTT-1,6
GTCTATCTGAGTTTCT-1,3
GTCTATTGGTTCCGGT-1,6
GTCTCAAGGCCCGGCT-1,4
GTCTCCTGCCAGTATG-1,2
GTCTCGACTAAGTTTG-1,1
GTCTCGATCTGCTTTC-1,6
GTCTCGCCAACACGCC-1,1
GTCTGGGCGGTCGAGA-1,5
GTCTGTAGGTTGAACA-1,5
GTCTTAGTACAGCCGG-1,0
GTCTTGAGGAGCAGTG-1,1
GTCTTGTAGCTATTCA-1,1
GTGAAACGGCGCCACC-1,6
GTGAAACGTGCTCCAC-1,1
GTGAACTCCCATTCGA-1,6
GTGAAGATTTCAAGTG-1,1
GTGAAGCCGTATAGTC-1,1
GTGAAGTCACGACTCG-1,5
GTGACAGCTTCCCACT-1,6
GTGACCGCACACTACG-1,6
GTGACGAGGGTGACCC-1,1
GTGACGCAGGTTTCAT-1,6
GTGACTTCAGTAGTGC-1,5
GTGAGATAACCTTATA-1,5
GTGAGCGTGCTGCACT-1,6
GTGAGGACACTTAAGG-1,6
GTGAGGAGCGGTTGAG-1,0
GTGAGTGGTACAACGC-1,5
GTGATCAAGCGTGCAC-1,2
GTGATCACTAACGCCT-1,6
GTGATCATAGATCTGC-1,5
GTGATCCTTGTCATGA-1,6
GTGATGCACAACATCT-1,1
GTGATTCGCCGCTCAA-1,5
GTGCAACAAATGTGGC-1,0
GTGCACCAGCTTCAAC-1,4
GTGCACGAAAGTGACT-1,6
GTGCCATCACACGGTG-1,4
GTGCCCGTTCGGATTC-1,6
GTGCCGCTTCAAAGGT-1,5
GTGCCTAGCTATGCTT-1,3
GTGCCTCAGTGTACGG-1,0
GTGCGAAATCGAACAC-1,5
GTGCGACAGGGAGTGT-1,6
GTGCGCAGCTTGCTCC-1,3
GTGCGCTTACAAATGA-1,3
GTGCGGGACCATCGGC-1,3
GTGCGGGTCTCCAAAT-1,6
GTGCGTGTATATGAGC-1,6
GTGCTCAAGTACTGTC-1,4
GTGCTTACATCAGCGC-1,1
GTGGAACCTACATGCG-1,6
GTGGACCAACCCGATT-1,4
GTGGACGCATTTGTCC-1,4
GTGGACGTGCTGAGAC-1,1
GTGGAGCGTTTACCGA-1,2
GTGGAGTCGGCGGTTG-1,2
GTGGCAAACAGCGGCA-1,2
GTGGCCGGTTTCTCGG-1,2
GTGGCGGGCCGTAGCT-1,1
GTGGCGGTCCCAGCGT-1,4
GTGGCGTGCACCAGAG-1,3
GTGGGAAGACTGAATC-1,4
GTGGGCTTAGACACAC-1,4
GTGGTATAGTCTGCCG-1,2
GTGGTCAGCGAAGTAT-1,1
GTGGTGGCCAAGTGAA-1,0
GTGGTTACTTCTTTCG-1,1
GTGGTTTCCGCCTTTC-1,4
GTGTACCTTGGCTACG-1,0
GTGTATATCAGCGGGC-1,6
GTGTATGACTTTAAAG-1,3
GTGTCAGTGTACGTGG-1,5
GTGTCCGATAAGGCAT-1,1
GTGTCGTATAGCGTTC-1,6
GTGTGAATAACTTAGG-1,6
GTGTGAGCCGAGGTGC-1,3
GTGTTACTATGCGTCC-1,4
GTTAAAGTAGGACTGG-1,6
GTTAACATCACTTAAA-1,6
GTTAACTATGTTGTCA-1,1
GTTAAGGGTGCGATGT-1,6
GTTAAGTTAGAGTGGG-1,1
GTTAATGTCTATCTTA-1,0
GTTACAATTGGTGACG-1,4
GTTACCTACAACTTGC-1,0
GTTACGAAATCCACGC-1,3
GTTACTTTGGGCCTAG-1,5
GTTAGAGTGTGCCGCT-1,0
GTTAGCCCATGACATC-1,0
GTTAGCCGTAAATCAA-1,1
GTTAGGCTACCCGTTT-1,2
GTTATAATACGGTGAA-1,1
GTTATATTATCTCCCT-1,5
GTTATCACCTTCTGAA-1,1
GTTATTAAATACGACC-1,1
GTTATTAACGTGGGAG-1,0
GTTCAATCTATGTCAA-1,1
GTTCACAGGAGTCTAG-1,4
GTTCAGTCGCCAAATG-1,5
GTTCATCGTTTGGCTG-1,1
GTTCCAAGACAGCGAC-1,3
GTTCCAGTCTGACCAT-1,0
GTTCCGTCCGCCTGCA-1,5
GTTCGCCATAAGTGCC-1,4
GTTCGCTGAGACGTCT-1,1
GTTCGGATCGGGAACA-1,1
GTTCGGGCGTACCATT-1,1
GTTCGTCTAAAGAACT-1,6
GTTCGTTGCGGACCAG-1,3
GTTCTTCCCTCGATGT-1,0
GTTGAACCGGTTCCAT-1,5
GTTGAGTCCCGCCGGT-1,6
GTTGCACGGAGTTTCG-1,6
GTTGCGGACGGTCAGG-1,1
GTTGGATTCAGTGGCT-1,0
GTTGGATTGAGAACAC-1,6
GTTGGATTTGCGTTGG-1,4
GTTGGTCATGCTATCC-1,4
GTTGTCGTGTTAGTTG-1,0
GTTTACGTTCCATCTG-1,4
GTTTCAAACGAGTTGT-1,1
GTTTCATATCGTCGCT-1,4
GTTTCCTGGAGGGTGA-1,6
GTTTCTGCAGTCTCCC-1,4
GTTTGACCAAATCCTA-1,4
GTTTGAGCGGTTATGT-1,0
GTTTGGCCCAAGTTAT-1,6
GTTTGGCCGCTCAGCG-1,1
GTTTGGGCTTGTGAGC-1,4
GTTTGGGTTTCGCCCG-1,6
GTTTGGTAGGGTCAAC-1,4
GTTTGGTGATCGGTGC-1,2
TAAACCCAGGAGGGCA-1,2
TAAAGAGCCCGAAACC-1,1
TAAAGCGGTATTTCCA-1,5
TAAAGCGTTAGGAGAA-1,6
TAAAGCTGCAATAGGG-1,6
TAAAGGAGAAACTAGT-1,1
TAAATGAATCCGTTTC-1,0
TAAATGCCGTCTCATG-1,1
TAAATTTAGTAACACC-1,5
TAACAAAGGGAGAAGC-1,6
TAACAATATTTGTTGC-1,0
TAACAGCGTTTGTGCT-1,2
TAACATACAATGTGGG-1,4
TAACATACACGCGATC-1,2
TAACCGCCCGCAGTGC-1,0
TAACCTACCGTCCGAG-1,6
TAACCTAGGGAGTCCA-1,1
TAACGCTTTGAGAGCG-1,0
TAACTATCGAAGGTCC-1,6
TAACTATTACGCCAAA-1,1
TAACTCATCCGCGCGG-1,5
TAACTCCATGGAGGCT-1,1
TAAGAGGGACAGGGAC-1,2
TAAGATTTAGCGGGAG-1,3
TAAGCAGGCGACACGC-1,6
TAAGCGCGAATCAAAT-1,2
TAAGGAACTTGTGGGA-1,1
TAAGGCAACATAAGAT-1,6
TAAGGCATAACATCAA-1,5
TAAGGCCCGTCACCCT-1,4
TAAGGCTGAATCCCTC-1,6
TAAGGGCCTGTCCGAT-1,6
TAAGGGCTGGGAGAGG-1,6
TAAGTAAATGTGCCGC-1,1
TAAGTAACATCTTGAC-1,2
TAAGTCGCCGAGTATC-1,2
TAAGTTGCGACGTAGG-1,6
TAATAAACAAGGAGAT-1,0
TAATACACAGTAGTAT-1,0
TAATAGAACAGAGTTA-1,2
TAATAGGTCACCAGAA-1,2
TAATAGTGACGACCAG-1,6
TAATATTGAAATTCGC-1,0
TAATCGATCCGTACGT-1,6
TAATGAAAGACCCTTG-1,0
TAATTACGTCAGTAGA-1,1
TAATTAGATGGATATG-1,3
TAATTAGGACATCCGT-1,1
TAATTGGAATCGGGAA-1,1
TACAAATTGCGGAGGT-1,1
TACAACGCACAACTCA-1,5
TACAAGCTGTTCACTG-1,3
TACAAGTCTCGTGCAT-1,6
TACAGAAACGGTGGGC-1,6
TACATAGGCATACACC-1,4
TACATCCCTATCCCTG-1,4
TACATTTCTAACGTGC-1,4
TACCAAATAGCCCAGA-1,4
TACCAATAAAGTACCA-1,6
TACCAGAAGTAGGTTC-1,5
TACCAGCTAGGTTTAA-1,0
TACCAGGAATCCCGTC-1,2
TACCGCGGACTTGCAG-1,6
TACCGGCTCACTGCCC-1,4
TACCGGTCGTTTCCAT-1,5
TACCGTAGGTTAACTA-1,4
TACCGTGCCTCGGACC-1,6
TACCTACTCCCAGTAT-1,4
TACCTCACGCTTGTAC-1,0
TACCTCAGTTGTCTGT-1,5
TACCTCCACACCAATG-1,2
TACCTGCTGCACTGTG-1,0
TACCTTAAGATTTCCC-1,2
TACGAACACGACTTCA-1,4
TACGACGCTTGCTGCG-1,5
TACGACTGCCTCTTAG-1,4
TACGAGAACTTCACGT-1,4
TACGATGTTGATCATC-1,4
TACGCAGTTCTTTCCT-1,4
TACGCCATATTCTAAT-1,4
TACGCCGAGGGTACCC-1,5
TACGCCTCCATTCCGA-1,4
TACGCTATAGAAACCT-1,6
TACGCTCGGTATTGGA-1,1
TACGCTGCTGTGTTAA-1,2
TACGGGATGCTAGCAG-1,6
TACGTAAAGCGGAGTG-1,1
TACGTACTAGTGCTGA-1,2
TACGTGCACTATGCTG-1,0
TACGTTTACCGGCAAT-1,4
TACTATGGTTCCTCAG-1,2
TACTCCTCTAGTTGAC-1,2
TACTCGGCACGCCGGG-1,6
TACTCTCCGAACAAAT-1,6
TACTCTTACTTTACTG-1,1
TACTCTTTCGTCTTCA-1,2
TACTGAACAGATTTAG-1,2
TACTGAGGGAAGAAAG-1,2
TACTGCAATCAATTAC-1,1
TACTGGACAGCTCGGC-1,4
TACTGTTTCTCTGGTA-1,1
TACTTGTTAGTAGTCC-1,6
TACTTTACTGAGCCGG-1,6
TACTTTCCGCACGCCA-1,4
TAGAAACCACTAAGTA-1,1
TAGAAAGGTGGCGCTA-1,6
TAGAAATTCACGTATA-1,0
TAGAATAGCCGATGAA-1,1
TAGAATTAAGGGCAAC-1,6
TAGACGAAACGCCAAT-1,6
TAGACGCCCGTACCGG-1,6
TAGACTACCTAGCGTT-1,1
TAGAGATCATGCAACT-1,5
TAGAGCTACGAAGAAC-1,1
TAGAGGTTCTACTTGT-1,6
TAGAGTCTAAGCGAAC-1,4
TAGATATGGACTGGAA-1,5
TAGATCCGAAGTCGCA-1,6
TAGATGGTTCCTTACT-1,6
TAGATTCAAAGTGCGG-1,5
TAGATTCCTGGTTATT-1,6
TAGCAACCTGTCACAA-1,0
TAGCAGTATGACTAAA-1,1
TAGCCAGAGGGTCCGG-1,3
TAGCCATTTCAAAGTC-1,6
TAGCCGGCGGTCAGCG-1,6
TAGCGTCCCTCGATTG-1,1
TAGCGTCCGGTGTGGT-1,6
TAGCGTTGGGTCTTAC-1,4
TAGCTAAGTCCGGGAG-1,6
TAGCTAGAAGGCATGA-1,5
TAGCTAGTGATGATGG-1,5
TAGCTCGCCTGATAAC-1,5
TAGCTGATGTGAAGCG-1,4
TAGGAACAGCCTCCAG-1,1
TAGGCATGTTACGCCA-1,6
TAGGCCTATATAGTCT-1,1
TAGGCGATGAGGTCTC-1,5
TAGGCGGCTGCAAAGA-1,2
TAGGCTAAAGTGGCAC-1,1
TAGGGAGCTTGGGATG-1,6
TAGGGTGTTTCAAGAG-1,6
TAGGTCCAAGTAAGGA-1,6
TAGGTCGCCGGAACTG-1,6
TAGGTGACGATAACCT-1,6
TAGGTGAGCCCTACTC-1,6
TAGGTGCTCGCCTAGC-1,6
TAGGTGTTCCACAGAT-1,3
TAGGTTCGAGTTCGTC-1,4
TAGTACCACAACTTTC-1,2
TAGTACCTTAGTGGTC-1,3
TAGTAGCTTATACCAG-1,2
TAGTCCCGGAGACCAC-1,4
TAGTCCGCAGAGAATG-1,4
TAGTCCGTATGCATAA-1,3
TAGTCGATCACGGGTT-1,6
TAGTCTAACAACGAGA-1,4
TAGTCTGCGGCACATT-1,5
TAGTCTGTGACGTTGC-1,0
TAGTCTTTCCGAATTG-1,1
TAGTGCCCTCCAGAGT-1,4
TAGTGGAACTCATACA-1,1
TAGTGTCAGAAACGGC-1,0
TAGTTAAGATAGGATA-1,6
TAGTTTATTCTTGCTT-1,0
TATAAATCCACAAGCT-1,0
TATAAGTGAGGATAGC-1,0
TATACACAGACGCCTT-1,3
TATACACGCAAAGTAT-1,0
TATACCGAGTGCCACA-1,3
TATACGCGTCATCACT-1,6
TATACTCATGCGGCAA-1,1
TATAGAGTCGCTTGAA-1,5
TATAGATGGTCGCAGT-1,6
TATAGGGTACTCATGA-1,6
TATATAGGGCTTTACG-1,2
TATATATCGAGAAATG-1,2
TATATCAAAGTGATCT-1,5
TATATCCCTGGGAGGA-1,6
TATATTACAAATGTCG-1,1
TATATTCGCGTCGATA-1,0
TATCACAGCACGGGCA-1,1
TATCACCATGTAAAGT-1,1
TATCACCCAACCGACC-1,6
TATCACTTCGAGTAAC-1,0
TATCAGTGGCGTAGTC-1,5
TATCCAATTGGTTATC-1,6
TATCCATATCATGCGA-1,0
TATCCATCTCGGTTAG-1,2
TATCCGCACCGTCGGG-1,5
TATCCTATCAACTGGT-1,5
TATCCTGCATGGGAAT-1,0
TATCGATCTATGCATA-1,6
TATCGATGATTAAACG-1,6
TATCTACAGAGGTAAT-1,0
TATCTACCACAGCGGG-1,3
TATCTAGCCTAAAGGA-1,6
TATCTGAGCCGATATT-1,2
TATCTTGCAATACAAC-1,2
TATGAAGACAGGTGCG-1,0
TATGATAAATCTAACG-1,1
TATGATCCGGCACGCC-1,1
TATGATCTTCTCTTTA-1,6
TATGATTCTGCTTGGT-1,3
TATGCTCCCTACTTAC-1,4
TATGGAGTTTCTCGTT-1,3
TATGGATGTGCTACGC-1,4
TATGGCCCGGCCTCGC-1,6
TATGGGACCGAGCAGG-1,4
TATGGGTACGTATCGT-1,4
TATGGTCTGAGTAACA-1,4
TATGGTTAGTGGGAGA-1,1
TATGTAAAGTGCTTAA-1,5
TATGTAGAAACCCGGC-1,2
TATGTCAAGACCGACT-1,6
TATGTCTCATTGTGCC-1,6
TATTAACACCAAAGCA-1,5
TATTAACCTGACCGCG-1,2
TATTACCATCCTGCTT-1,6
TATTATGTTTGCCTGC-1,2
TATTCAATTCTAATCC-1,6
TATTCCACTCAGCTCG-1,5
TATTCCGAGCTGTTAT-1,6
TATTCCGGCAGTCCTA-1,1
TATTCCTCCGCCCACT-1,2
TATTCGTGCCAGAATA-1,4
TATTGCCGGGCTTGTA-1,1
TATTTAGTCTAGATCG-1,6
TATTTATACCGAGTAG-1,6
TATTTGATTTGCACAG-1,1
TATTTGTTACCCTTTA-1,6
TCAAACAACCGCGTCG-1,0
TCAAACTTAGATTGTT-1,4
TCAAATTTGAGACTCA-1,6
TCAACAAAGATAATTC-1,2
TCAACACATTGGGTAA-1,1
TCAACATAGCGCCCTA-1,2
TCAACATCGACCGAGA-1,4
TCAACCATGTTCGGGC-1,6
TCAACGAGGAGACAAA-1,3
TCAACGCAGGAAATAA-1,2
TCAACGCGACCGGCAG-1,4
TCAACTAACGTATAAC-1,6
TCAACTGCAGAGTCAG-1,1
TCAAGAAATACTAGCT-1,1
TCAAGCGCGGACGGTA-1,1
TCAAGGTTACTACACC-1,1
TCAATACGCCGTCATG-1,4
TCAATCCGGGAAGTTT-1,3
TCACAAACCGAGGTAC-1,6
TCACAGATCCTCAAAC-1,3
TCACAGCAAACTCGAA-1,5
TCACAGGAGAATAAGA-1,5
TCACAGGGAATCGCAA-1,6
TCACAGGTTATTGGGC-1,4
TCACATCTTATCTGAT-1,6
TCACCCTCTTAAGATT-1,3
TCACCGCTCGGCACTC-1,6
TCACGATGTCCGTGGA-1,2
TCACGCATTGTAGATC-1,4
TCACGGCCCAAGAGAG-1,2
TCACGGTCATCGCACA-1,6
TCACGTGCCCGATTCA-1,4
TCACTACGACCAATGC-1,0
TCACTATCGTGCAATC-1,3
TCACTCAGCGCATTAG-1,3
TCACTCGTGCAACGGC-1,0
TCAGAACCTCCACAGG-1,1
TCAGACGCTATAGAAG-1,6
TCAGCAAATGCATCTC-1,4
TCAGCAGTAGGCCCTG-1,5
TCAGCCAATCCGTAAA-1,1
TCAGGGCGCAAACTCG-1,0
TCAGGGTGCACGAAAC-1,1
TCAGGGTGTAACGTAA-1,4
TCAGGTTCTTTGAGAA-1,4
TCAGTACTGACCCGCG-1,6
TCAGTAGGGACTATAA-1,5
TCAGTGTATACGTCAT-1,2
TCAGTTACGGAATGAT-1,1
TCATACTTACAGATCC-1,0
TCATATGAGCTTTGTT-1,4
TCATCACTCGAGCTCG-1,0
TCATCCCAGAGGGTGG-1,6
TCATCGATGGTCCCAA-1,2
TCATGCAGGTTCTCAT-1,0
TCATTTAAGTCTCCGA-1,6
TCATTTAGAAGTGTGA-1,1
TCCAACTCAGCTATCT-1,6
TCCAACTTTAAATTCT-1,3
TCCAAGCCTAGACACA-1,4
TCCAATAAAGGCTACC-1,5
TCCACAATGGTTTACG-1,4
TCCACATCGTATATTG-1,4
TCCACCAAGACATAGG-1,3
TCCACCTCTAGCCTTT-1,4
TCCACTTTATCTAGGT-1,6
TCCAGAGCACCGGTTC-1,4
TCCAGCGCTATAAGCG-1,3
TCCAGGCGAGTACGGT-1,4
TCCAGGGTATATACGA-1,4
TCCATCAATACTAATC-1,2
TCCATTAGTTGGATAG-1,3
TCCATTGTGACCTCGT-1,0
TCCCAAACAGACAACG-1,1
TCCCAAAGACGAAGGA-1,4
TCCCAAAGCCCTAAAT-1,1
TCCCACGGAGGGAGCT-1,1
TCCCACTCTCTTCCGG-1,1
TCCCAGCTTTAGTCTG-1,4
TCCCAGGCTTAGCTAA-1,4
TCCCGCGTACTCCTGG-1,6
TCCCGGGTGTGCTGCT-1,6
TCCCGGTCAGGAATTT-1,3
TCCCGTCAGTCCCGCA-1,6
TCCCGTGTGCAATTTG-1,6
TCCCTAGATCAATAGG-1,1
TCCCTGGCGTATTAAC-1,2
TCCCTGGCTCGCTGGA-1,6
TCCCTTAGATTACTCG-1,0
TCCCTTGTCTGAAACT-1,0
TCCGAACTTGGCTTAC-1,4
TCCGAAGTAGTCACCA-1,3
TCCGAATGGTCCTGAG-1,1
TCCGACCGCTAATCAA-1,5
TCCGAGAAGGCTAAGC-1,3
TCCGATAATTGCCATA-1,6
TCCGATGACTGAGCTC-1,6
TCCGATGGTGCGACAT-1,6
TCCGATTACATTGCCG-1,4
TCCGCCTGTCTACAAG-1,6
TCCGCGGCAGCATCTG-1,6
TCCGCGGCCCAATGAA-1,0
TCCGCTGTCATCCCGG-1,6
TCCGCTTATCCCATTA-1,4
TCCGGAGGAAGGGCTG-1,1
TCCGGCCTAGCGTACA-1,6
TCCGGCCTGCATCGAT-1,1
TCCGGGCTTGACGGGA-1,4
TCCGGTTCGTCCGGTC-1,5
TCCGTAACCACAATCC-1,1
TCCGTTAAGCTAATAT-1,6
TCCGTTTAGCCTTGAA-1,6
TCCTAAATTGGGAAGC-1,6
TCCTAACCGTCGGGCA-1,5
TCCTACATCCACGGCC-1,6
TCCTAGCAAAGAAGCT-1,5
TCCTCCTAAGACATTC-1,4
TCCTCGGGCTGGGCTT-1,6
TCCTCTACGAGATGGC-1,0
TCCTCTCCAGTTGTCC-1,0
TCCTCTGGCCCATTAG-1,0
TCCTGCCAACTGGAGA-1,1
TCCTGCGTTGATACTC-1,4
TCCTGGCGCTGCCTGG-1,1
TCCTTACGACGGTCCG-1,6
TCCTTCAGTGGTCGAA-1,0
TCCTTGTCCTTTAATT-1,4
TCCTTTAAATCCGCTT-1,6
TCCTTTCTTACGCTTA-1,4
TCGAAATTTAGGACCA-1,4
TCGAAGAACCGAGCAC-1,6
TCGAATATCCCGCAGG-1,2
TCGACAACTGAACCCG-1,2
TCGAGACCAACACCGT-1,4
TCGAGCCAGGCAGGCC-1,2
TCGATAGGCTAGTCGC-1,1
TCGCAAAGATGCATTT-1,6
TCGCACCAGGAGGCAG-1,6
TCGCATAAAGGGCGCA-1,4
TCGCATCCCTAAGTGT-1,1
TCGCATTCAATGACTT-1,3
TCGCCCAACTGACTCC-1,3
TCGCCGAAGTTGCGTC-1,5
TCGCCGACATATTCGC-1,6
TCGCCGGTCGATCCGT-1,0
TCGCCTCGACCTGTTG-1,3
TCGCGTAGCAGTGTCC-1,3
TCGCGTCCAGAAGGTC-1,6
TCGCTAAACCGCTATC-1,0
TCGCTACTGGCTTTGA-1,6
TCGCTCGATATATTCC-1,6
TCGCTCGGCACCAGCG-1,1
TCGCTGGGCGGATTGT-1,0
TCGCTGTGCGTAAATC-1,6
TCGCTTTAAACGTTTG-1,6
TCGGAATGACCATCAA-1,1
TCGGAATGCGCTCTGA-1,6
TCGGACGCCCAGCCCA-1,6
TCGGAGAGTATCGGGA-1,5
TCGGAGTACATGAGTA-1,4
TCGGATCTGGATGACC-1,2
TCGGCGAACCCAAACC-1,1
TCGGCGTACTGCACAA-1,5
TCGGCTAACTTCCCTT-1,1
TCGGCTTGTATCGACG-1,1
TCGGGAACGTGCCTAG-1,1
TCGGGAGACAGCGTAC-1,6
TCGGGATTCAAACATA-1,4
TCGGGCACTTCTGGAT-1,3
TCGGGCCGTCGTGGTA-1,6
TCGGGTGAAACTGCTA-1,0
TCGGTCCCGACAATAG-1,2
TCGGTCCCTGACTCCA-1,0
TCGGTGACCGCTCCGG-1,0
TCGGTTAGCCATGTAG-1,1
TCGTAAGACGACATTG-1,0
TCGTAAGCTCCGAGGA-1,1
TCGTATAGTGCAATTA-1,0
TCGTATTACCCATTGC-1,4
TCGTATTTCGTCCGGA-1,0
TCGTCAAGTACGCGCA-1,2
TCGTCACACTGTTAGC-1,0
TCGTCCGCTGGCGTCT-1,0
TCGTCTTAGGCGTTAA-1,6
TCGTGTACTATGGATG-1,0
TCGTGTATTGGTCACG-1,3
TCGTGTCACGCTGACA-1,3
TCGTGTTCGACCACAA-1,0
TCGTTAGGAGTCCCTA-1,5
TCGTTCGTTATTATGT-1,0
TCGTTGCTATCCGGTC-1,5
TCGTTGGCTCGTCAAT-1,3
TCTAAAGAACAGTCTC-1,5
TCTAACTGTATGTAAA-1,0
TCTAATACTGCCTCAG-1,2
TCTACACGTTCATGCA-1,1
TCTACCCAATAGAGAG-1,1
TCTACCGTCCACAAGC-1,4
TCTAGCAATCTCCGCC-1,5
TCTAGCATCTTCGATG-1,0
TCTAGCATGCCCAGAA-1,4
TCTAGGTGGCGACGCT-1,6
TCTAGTGATATCGTGG-1,6
TCTAGTTATCAGAAGA-1,4
TCTATAGGTGGGTAAT-1,4
TCTATCATGCAGTTAC-1,0
TCTATCGGTCGCAACA-1,0
TCTATGCTATAACGAC-1,6
TCTATTACGCTGGCGA-1,0
TCTATTACTAGAGGAT-1,4
TCTCATGAGATAGGGT-1,6
TCTCCAACGTAGGTTA-1,6
TCTCCACAAGTTGAAT-1,6
TCTCCCTGGGCAGCGT-1,6
TCTCGAACGAGGTCAC-1,6
TCTCGACGTATCGCCG-1,1
TCTCGAGGAGGTTCGC-1,1
TCTCGGCTCCAGGACT-1,3
TCTCTAATAGCTGGTA-1,6
TCTCTCGCCGCACATA-1,1
TCTCTTACCGCGAACC-1,5
TCTGAACCGGTCGGCT-1,0
TCTGAACTCGTACCCG-1,6
TCTGAAGCACGTGGTC-1,6
TCTGAATTCCGTACAA-1,6
TCTGACTGTAATGGTT-1,3
TCTGAGCAATTGACTG-1,1
TCTGATGTATTCTGTC-1,6
TCTGCATACCTTGCTT-1,1
TCTGCCAGAAACTGCA-1,6
TCTGCGTCCGGTTTCT-1,1
TCTGGGAACCTTTGAA-1,6
TCTGGGTAGCGCTCAT-1,3
TCTGTCATACAAGAGC-1,1
TCTGTGACTGACCGTT-1,3
TCTGTGCCATCATAGT-1,6
TCTGTGGCTACATTTC-1,3
TCTGTTACCCAGCATA-1,2
TCTTACAGAGGTACCG-1,6
TCTTACCGGAACTCGT-1,6
TCTTACGGCATCCGAC-1,0
TCTTACTTATGCCTCT-1,6
TCTTAGAGCTCCAATT-1,1
TCTTAGAGTGAACTCT-1,6
TCTTATGGGTAGTACC-1,3
TCTTCCCATGGGCACA-1,6
TCTTCGAATAGACGTT-1,4
TCTTCGATACCAATAA-1,4
TCTTCTATAACCCGCC-1,1
TCTTGATGCGTAGCGA-1,4
TCTTGCTCCCGATACT-1,4
TCTTGGTAACACCAAA-1,6
TCTTTAAGACTATGAA-1,0
TCTTTAGAGTCTAACA-1,1
TCTTTCTCTTAAGGAG-1,0
TGAAACCTCAACTCAC-1,3
TGAAACTTATGCAAGC-1,6
TGAAAGGACCTGACTC-1,6
TGAACAAGCAGGGACT-1,5
TGAATACCGACGCGTA-1,6
TGAATGAGTGTTTCCC-1,5
TGAATGTCAGCCGGCC-1,1
TGACACTTCTCTTTGC-1,1
TGACAGGACAAGTCCA-1,5
TGACATCGAGCGGACC-1,6
TGACATGTAACGTGAC-1,5
TGACCAAATCTTAAAC-1,6
TGACCAGCTTCAAAGT-1,1
TGACCCAACTCACATT-1,3
TGACCCACGTTAGACA-1,4
TGACGAATATTTCCCT-1,4
TGACGATGCACTAGAA-1,6
TGACTATAATCCTTTC-1,6
TGACTCCGAATCATAC-1,2
TGAGAATGCTTTACCG-1,6
TGAGAGATTTACCACG-1,6
TGAGATCAAATACTCA-1,1
TGAGATTAGGCCCTAA-1,0
TGAGCAGTCGTGAAGT-1,3
TGAGCCATACAGTCTC-1,4
TGAGCGGAAAGTGTTC-1,4
TGAGCTTTAATGACGC-1,0
TGAGGAGTGCCAGCTT-1,4
TGAGGCATGTACTGTG-1,2
TGAGGTTGATCCCAAG-1,0
TGAGTAAATTAGCGTA-1,5
TGAGTGCCTCTTAAAT-1,2
TGAGTGGTCCGTGACG-1,6
TGAGTGTAACAACGGG-1,4
TGAGTTAAAGACATTC-1,1
TGATACATTTAGCCGT-1,2
TGATAGCGGGATTCTA-1,0
TGATCAGGGAACTGCT-1,4
TGATCCCAGCATTAGT-1,1
TGATCGGTTTGACCCT-1,6
TGATCTACGCTGATCT-1,0
TGATCTCCGGCGCCAG-1,4
TGATGGCTGTTTCTGA-1,1
TGATGGGACTAAGTCA-1,3
TGATGTCAATTAAGTG-1,1
TGATTATGGCACGCAG-1,3
TGATTCAGGTCCCGCG-1,4
TGATTCCCGGTTACCT-1,5
TGATTCGTCTATCACT-1,4
TGATTCTGTCGCCGGT-1,2
TGATTTATTAGCTGTG-1,4
TGATTTCCTCCTGACG-1,0
TGCAACCCATCTGCGG-1,6
TGCAAGAATGACGTAA-1,4
TGCAATCTAACACGGT-1,6
TGCAATTTGGGCACGG-1,1
TGCACAGTGAAGTTAT-1,1
TGCACGAGTCGGCAGC-1,0
TGCACTATGTGAGTGC-1,0
TGCAGAACTATATCGT-1,4
TGCAGAGTACCGAGCA-1,4
TGCAGATCGTCCTAGG-1,4
TGCAGCTACGTACTTC-1,4
TGCAGGATCGGCAAAG-1,0
TGCAGTGGTAGGGAAC-1,2
TGCAGTTTCCTCCCAT-1,6
TGCATATGTCTGTCAC-1,6
TGCATGGATCGGATCT-1,6
TGCATGTGACCCATAG-1,5
TGCATGTGGTAATCTA-1,6
TGCCAAAGTCAGACTT-1,4
TGCCAATGGGTACTCT-1,5
TGCCACCTGGCGAAAC-1,6
TGCCAGTACGTGGAGA-1,6
TGCCATGGCTTATAAG-1,1
TGCCATTACTAAAGAA-1,6
TGCCCGTACCGTTAAA-1,6
TGCCGGATGTACGAGC-1,2
TGCCGTGGATCGTCCT-1,4
TGCCTAATTGAAGATT-1,1
TGCCTGACATCGGTCA-1,0
TGCCTGATCAAACGAT-1,6
TGCCTTGGCCAGGCAA-1,6
TGCGAATATGGGATTT-1,4
TGCGACACCCTAGTGC-1,2
TGCGACGGCCGAACGT-1,2
TGCGAGAATATTACCC-1,2
TGCGAGCCCTTCCGCG-1,0
TGCGCAAAGCATTTGG-1,6
TGCGCGATTAACGGAG-1,4
TGCGGACTTGACTCCG-1,0
TGCGGAGTAAAGGTGC-1,0
TGCGGCATAGTTCAAC-1,1
TGCGGGTATTGGGATC-1,1
TGCGGTCTACGAGTAA-1,3
TGCGGTGAAATTTCAT-1,0
TGCGTAAGAACCTGAT-1,5
TGCGTCATGACTGAGC-1,2
TGCGTGATTGGGTGTC-1,3
TGCGTTTGTTGACACT-1,6
TGCTAAGTGTCTATTT-1,6
TGCTATACAAACGGAC-1,1
TGCTCCACAGTTCTTA-1,6
TGCTCGGCGAAACCCA-1,4
TGCTCGGTGGGTCACC-1,6
TGCTCTTGAGAGTTTG-1,6
TGCTGGTTGGACAATT-1,0
TGCTGTTGAAGAACTC-1,4
TGCTTAGAGAGAATGC-1,2
TGCTTCCCAAGCAGTA-1,6
TGGAAACGGAGTGAAC-1,3
TGGAACCACTGACACA-1,0
TGGAAGAAGGGAACGT-1,3
TGGAAGACGAACACCA-1,0
TGGAAGGATAAAGATG-1,6
TGGAATATCCTTGACC-1,1
TGGAATTAGACGCTTT-1,3
TGGACCAATCTAAGAT-1,6
TGGACGCAATCCAGCC-1,2
TGGACTGTTCGCTCAA-1,4
TGGAGAATAATCGTCC-1,5
TGGAGCTAAAGTTCCC-1,1
TGGAGTGATGCGATGA-1,4
TGGCAAACTAAATTAC-1,6
TGGCAACTCGCGCGCC-1,6
TGGCAAGCACAAGTCG-1,4
TGGCAATGGGACGGCG-1,1
TGGCACGAGCTCGAGT-1,1
TGGCAGATTACGATCA-1,4
TGGCAGCAGTAATAGT-1,3
TGGCATGAAGTTTGGG-1,2
TGGCCAAACTGAAGTA-1,4
TGGCCAATTTGGTACT-1,5
TGGCCGTATATTGACC-1,4
TGGCGACTGCTCCAAA-1,2
TGGCGATCAAGTTATG-1,5
TGGCGGTGTGCGATTG-1,3
TGGCTACACTCTACCT-1,1
TGGCTATGTGACATAC-1,6
TGGCTCTTGTCGCGTA-1,4
TGGCTTTGGGTAGACA-1,6
TGGGAAATGCCTTTCC-1,0
TGGGATGCACTCATTC-1,1
TGGGCAATAGTTGGGT-1,1
TGGGCACAAACAGAAC-1,1
TGGGCACGTTCTATGG-1,0
TGGGCAGGCCACCGCA-1,1
TGGGCCACAAGAGCGC-1,6
TGGGCCCATACTAATT-1,6
TGGGCCTTGCCTGCAT-1,3
TGGGCGATACAATAAG-1,5
TGGGTAAGGTTCCCGC-1,0
TGGTAAGCAGGATTGA-1,4
TGGTAGAATATATGGG-1,6
TGGTATCGCATCCCAA-1,6
TGGTATCGGTCTGTAT-1,1
TGGTCCCACGCTACGG-1,6
TGGTCTGTTGGGCGTA-1,4
TGGTGATCGTATTTGT-1,0
TGGTTAACTTACATTT-1,2
TGGTTCAACGGGTAAT-1,6
TGGTTCGTAGCAAAGG-1,6
TGGTTGGAGGATCCTG-1,0
TGGTTTAAACGTGGGT-1,1
TGTAACTTGTCAACCT-1,3
TGTAATGACCACAATA-1,6
TGTACCCGACCCTAAT-1,2
TGTACCTACACGAGGG-1,6
TGTACGAACAAATCCG-1,4
TGTACGCTATCAGCTT-1,1
TGTACTGTGCCAAAGT-1,3
TGTAGCCATCCCATTC-1,3
TGTAGGAGAAATTTCC-1,6
TGTAGTGATCTATAAT-1,6
TGTATAACAGATCCTG-1,0
TGTATCCTTATTCCAT-1,0
TGTATGGCGCAGACAG-1,6
TGTATTTACCTAATGC-1,1
TGTCATTTGTTGGGAA-1,1
TGTCCACGGCTCAACT-1,1
TGTCCCGACATAGCAC-1,0
TGTCCGTGGCGCCTTT-1,0
TGTCCTAAGTCACCGC-1,4
TGTCGGCATGGTGGAA-1,3
TGTCGTTATCACATAT-1,2
TGTCTACAGTTTCTGT-1,0
TGTGACTACGCCAGTC-1,0
TGTGAGACTAGCCCAA-1,4
TGTGATTCCAGCGCTT-1,1
TGTGCCGGTGCCGGAA-1,6
TGTGCTTTACGTAAGA-1,6
TGTGGAGGAAGCTTAA-1,3
TGTGGCAAAGCGTATG-1,6
TGTGGCGGGCTTCTGG-1,4
TGTGGCTCCCACCAAC-1,1
TGTGGTTGCTAAAGCT-1,5
TGTGTCGCGAGTTGCA-1,0
TGTGTTCGTATCCAAG-1,0
TGTTATTGTATGTGGC-1,6
TGTTCCGCTTCCATGA-1,4
TGTTCCGGCCTGAGCT-1,5
TGTTCGTATTGCGGTG-1,3
TGTTCTTCCATTGACT-1,4
TGTTGTCAAGAAGTCT-1,6
TGTTTAATACTTCATC-1,0
TGTTTCGGTACTTCTC-1,0
TGTTTCTGAAGCGTGC-1,2
TGTTTGAGATCGTCAG-1,1
TTAAACAGAGTCCCGC-1,3
TTAAACCGGTAGCGAC-1,1
TTAAACCTGGTTCCTT-1,0
TTAAACTCGAATTCAT-1,6
TTAACACCTCGAACAT-1,0
TTAACCAACCCTCCCT-1,6
TTAACGTCGCAAGACC-1,0
TTAACTCACGCGTGGA-1,3
TTAACTTCAGGTAGGA-1,5
TTAAGACGAACGAACC-1,1
TTAAGATAGGATTGAC-1,6
TTAAGCCGACAACTTC-1,0
TTAAGCGCCTGACCCA-1,4
TTAAGGATACGGAGGT-1,3
TTAAGGCCCGTACTTT-1,2
TTAAGTATTGTTATCC-1,6
TTAATCAGTACGTCAG-1,6
TTAATGCGAGGTAACT-1,1
TTAATGTAGACCAGGT-1,4
TTAATTGCTTTGGGTG-1,6
TTAATTTCAGACGCGG-1,0
TTACAACTACGCATCC-1,6
TTACACGATCTGCGAC-1,1
TTACAGACCTAAATGA-1,6
TTACATCGTGGCCTGG-1,0
TTACATGCCACAACTA-1,6
TTACCATTGATTACCC-1,4
TTACCCATTGCCGGGT-1,0
TTACCCTAACAGTCCT-1,0
TTACCCTAGGGATTGG-1,4
TTACCGCCTTAGGGAA-1,3
TTACGGATGGTTCGAG-1,6
TTACGGTGTCACCGAG-1,3
TTACGTAGCGCGTGCT-1,3
TTACTAAAGGACTTTA-1,6
TTACTATCGGCTTCTC-1,0
TTACTCCGGCCGGGAA-1,6
TTACTCTGGTACGTAC-1,4
TTACTGGGATATTTCA-1,5
TTACTGTTTCTCTACG-1,1
TTAGAAGAACATGACT-1,4
TTAGAATAAGGGTCGG-1,5
TTAGACACGATCGTTG-1,0
TTAGACGAGTCACCTC-1,6
TTAGAGTTTAGAAGGA-1,6
TTAGATAGGTCGATAC-1,3
TTAGCAACATGGATGT-1,0
TTAGCTAATACGATCT-1,6
TTAGCTCTGTAATCCG-1,0
TTAGCTGATTTGCCGT-1,6
TTAGGTCATAACCGAC-1,5
TTAGTAAACCTGCTCT-1,6
TTAGTAGGGCGGCGGG-1,6
TTAGTTATTCGTGGCA-1,6
TTAGTTCAAGTGTTCG-1,1
TTATAGATGCACATTA-1,1
TTATAGGTAATTGTCT-1,6
TTATATACGCTGTCAC-1,4
TTATATTTGGCAATCC-1,4
TTATCCAATCGAACTC-1,1
TTATCCGGGATCTATA-1,6
TTATCCTCAAGGAATA-1,2
TTATCGCCTGCGAAGC-1,0
TTATCTGACATTAGGA-1,4
TTATCTGTATCATAAC-1,6
TTATGAATGAAAGGGA-1,3
TTATGACAAACTGGAT-1,6
TTATGATCTTAACGAA-1,6
TTATGCGTCCCGGTCC-1,3
TTATGTTTGCGATAGA-1,0
TTATTAGAGCGTGTTC-1,4
TTATTAGGGAAGCATC-1,6
TTATTTCATCCCAAAC-1,3
TTCAAAGTCTCTAGCC-1,6
TTCAACGACCCGACCG-1,6
TTCAAGCCGAGCTGAG-1,0
TTCAATACTCTGAATC-1,6
TTCAATTAGCCATAAT-1,0
TTCACGAAAGGATCAC-1,4
TTCACTCGAGCACCTA-1,6
TTCACTTCCTAGAACG-1,4
TTCAGAGTAACCTGAC-1,3
TTCAGCCCTGGTCCAC-1,6
TTCAGCTGGCGTGCCC-1,6
TTCAGGCGTCAAAGCC-1,0
TTCAGTTCAAGAGGAG-1,5
TTCATAGCCTTGTAAC-1,3
TTCATGGCGCAACAGG-1,6
TTCCAATCAGAGCTAG-1,6
TTCCAATCTGGCTATC-1,2
TTCCACACAGATTTGA-1,2
TTCCACATTTCTCGTC-1,1
TTCCAGACGAGATTTA-1,1
TTCCATCATGCGGTGA-1,1
TTCCATCGACAGCGTG-1,1
TTCCCGACGCTTCACT-1,1
TTCCCGGCGCCAATAG-1,4
TTCCGCAGAGAAATAT-1,1
TTCCGCGTGAGGCGAT-1,4
TTCCGGCCTTGAGGCT-1,2
TTCCGGCTCGACTTCT-1,3
TTCCGGTATCTGTGTC-1,1
TTCCGGTTACCCACTT-1,6
TTCCTCGAGGGTGTCT-1,6
TTCCTCGGACTAACCA-1,6
TTCCTCTGCCCGAATA-1,6
TTCCTTTCTGTGTTGC-1,3
TTCGACAGAGCCCGTG-1,6
TTCGACGGGAAGGGCG-1,6
TTCGCACTCGCGTGCT-1,6
TTCGCACTGTACGACA-1,3
TTCGCATCCGGAAGCA-1,3
TTCGCCGCTCGCGCTA-1,2
TTCGCGCGCCATACGA-1,5
TTCGCTAGGAAGTTGT-1,1
TTCGCTATCTGACGTG-1,0
TTCGGACTGATGCCTT-1,1
TTCGGACTGGGCATGG-1,2
TTCGGCAACCCGCTGA-1,0
TTCGGCTAGAGATGGT-1,0
TTCGGGACTAATCGCG-1,4
TTCGGGCGCTAGTCTT-1,2
TTCGGTACTGTAGAGG-1,4
TTCGTAATCCCAGCGG-1,0
TTCGTACTCCAGAACG-1,6
TTCGTTCAACGAAGTT-1,1
TTCTAACCGAAGCTTA-1,6
TTCTACCTCAATCGGT-1,2
TTCTACCTTTATGTTG-1,0
TTCTACTTGCGAGGGC-1,6
TTCTAGAAAGTCTTAT-1,5
TTCTAGGCCAATTGTG-1,0
TTCTATTAAACGCAGC-1,4
TTCTCTTACAGGTGAT-1,2
TTCTGACCGGGCTCAA-1,6
TTCTGCCGCGCCTAGA-1,6
TTCTGCGAGCGCCCTT-1,0
TTCTGCGGGTTAGCGG-1,6
TTCTGCTAGACTCCAA-1,1
TTCTTAGTGAACGGTG-1,6
TTCTTAGTGGCTCAGA-1,0
TTCTTATCCGCTGGGT-1,0
TTCTTCCCTTTGATAT-1,1
TTCTTCGCAATAGAGC-1,1
TTCTTGAGCCGCGCTA-1,5
TTCTTGCTAGCATCTC-1,1
TTCTTGGACGATCTGC-1,2
TTCTTGGAGTAATGAG-1,0
TTCTTGTAACCTAATG-1,0
TTCTTTGGTCGCGACG-1,1
TTGAAAGGTGTAAAGG-1,1
TTGAACGAATCCTTTG-1,0
TTGAACGACGTGCTGA-1,6
TTGAAGAATTCCCAGG-1,4
TTGAAGGATGGGCGCC-1,2
TTGAATATGGACTTTC-1,4
TTGAATCGTTGTATAA-1,5
TTGAATTCACGTGAGG-1,6
TTGACAGGAGCTCCCG-1,6
TTGACATGAACGTGGA-1,4
TTGACCAGGAACAACT-1,6
TTGACCATGTTCTCCG-1,0
TTGACCGTGTTAATGA-1,2
TTGACGATTCAGCACG-1,0
TTGACGCTCCATGAGC-1,6
TTGACTACCATATGGT-1,5
TTGACTATTGTCCGGC-1,1
TTGAGAAGTTTAGCAT-1,6
TTGAGAGTACTGCTAA-1,2
TTGAGCAGCCCACGGT-1,1
TTGAGCGCCACGTGAT-1,1
TTGAGGCATTTAACTC-1,0
TTGATCTAACTTTGTC-1,4
TTGATGTGTAGTCCCG-1,6
TTGATTAGCTGTTTCT-1,2
TTGATTATGCAGATGA-1,0
TTGCAAGAAGACTCCT-1,4
TTGCACAATTCAGAAA-1,4
TTGCACGGAGCAGCAC-1,0
TTGCATGCTGATCACG-1,4
TTGCCAAGCAGAACCC-1,1
TTGCCATAGCCCGCTC-1,2
TTGCCCTGATCACGGG-1,4
TTGCCGCAGACCTACA-1,2
TTGCCGCTTTCTAGTA-1,6
TTGCCGGTGATCCCTC-1,1
TTGCCTAATCCAAAGT-1,2
TTGCGGCATCAGAAAG-1,2
TTGCGGCGACTCATGC-1,0
TTGCGTAGTTTGAGGA-1,0
TTGCGTCGGCCAACCG-1,5
TTGCGTGAACGCTTAG-1,0
TTGCTAGCTACCAATC-1,3
TTGCTCATAGTACGTG-1,4
TTGCTCCCATACCGGA-1,0
TTGCTGAAGGAACCAC-1,6
TTGCTGATCATGTTCG-1,4
TTGCTGCACCTATCCA-1,0
TTGCTGGCCGGGCTTC-1,0
TTGGAAGAATACAGTC-1,2
TTGGACATGTGGCTTA-1,4
TTGGACCATCTGGCAA-1,1
TTGGACCTATAACAGT-1,6
TTGGAGTCTCCCTTCT-1,3
TTGGATATCGTCTACG-1,5
TTGGATCGACTTCTGG-1,0
TTGGATTGGGTACCAC-1,0
TTGGCCATCTTGCGCT-1,0
TTGGCCTAGAATTTCG-1,6
TTGGCTCAATATGTGT-1,4
TTGGCTCGCATGAGAC-1,0
TTGGGAAGACGAGCCG-1,4
TTGGGACACTGCCCGC-1,0
TTGGGACGTAAGAGTT-1,1
TTGGGCGGCGGTTGCC-1,6
TTGGTCACACTCGTAA-1,5
TTGGTTGCGGTGCGCG-1,2
TTGTAAGGACCTAAGT-1,5
TTGTAAGGCCAGTTGG-1,6
TTGTAATCCGTACTCG-1,4
TTGTATCACACAGAAT-1,0
TTGTCGTTCAGTTACC-1,0
TTGTGAACCTAATCCG-1,6
TTGTGAGGCATGACGC-1,4
TTGTGCAGCCACGTCA-1,6
TTGTGGCCCTGACAGT-1,6
TTGTGGTAGGAGGGAT-1,2
TTGTGGTGGTACTAAG-1,6
TTGTGTATGCCACCAA-1,4
TTGTGTTTCCCGAAAG-1,3
TTGTTAGCAAATTCGA-1,6
TTGTTCAGTGTGCTAC-1,6
TTGTTGTGTGTCAAGA-1,6
TTGTTTCACATCCAGG-1,2
TTGTTTCATTAGTCTA-1,2
TTGTTTCCATACAACT-1,5
TTGTTTGTATTACACG-1,5
TTGTTTGTGTAAATTC-1,1
